new_line_id,epe_line_id,voltage_V,length_km
0,ml_line_0,230000.0,37.61924312
1,ml_line_1,230000.0,50.18609419
2,ml_line_2,500000.0,0.93334582
3,ml_line_3,500000.0,237.67815317
4,ml_line_4,230000.0,16.75545128
5,ml_line_5,345000.0,199.56208791
6,ml_line_6,230000.0,206.97927376
7,ml_line_7,230000.0,23.01712495
8,ml_line_8,230000.0,18.79188271
9,ml_line_9,500000.0,13.33181967
10,ml_line_10,230000.0,148.76014637
11,ml_line_11,230000.0,87.84150194
12,ml_line_12,230000.0,11.02273965
13,ml_line_13,230000.0,24.52435763
14,ml_line_14,345000.0,143.49016428
15,ml_line_15,345000.0,63.1479544
16,ml_line_16,230000.0,82.3601206
17,ml_line_17,500000.0,165.6474816
18,ml_line_18,500000.0,0.45865465
19,ml_line_19,230000.0,127.11229579
20,ml_line_20,230000.0,14.79804371
21,ml_line_21,230000.0,3.50827944
22,ml_line_22,230000.0,79.10621822
23,ml_line_23,230000.0,57.07325874
24,ml_line_24,500000.0,249.67497557
25,ml_line_25,230000.0,35.97096274
26,ml_line_26,230000.0,6.08375861
27,ml_line_27,230000.0,195.96460621
28,ml_line_28,500000.0,13.54366762
29,ml_line_29,230000.0,96.14746932
30,ml_line_30,525000.0,29.3861426
31,ml_line_31,230000.0,17.97896048
32,ml_line_32,230000.0,134.68179147
33,ml_line_33,500000.0,70.73388126
34,ml_line_34,525000.0,93.9985617
35,ml_line_35,230000.0,236.64099486
36,ml_line_36,230000.0,21.66292787
37,ml_line_37,230000.0,23.4764643
38,ml_line_38,230000.0,23.11828052
39,ml_line_39,230000.0,104.07192292
40,ml_line_40,440000.0,321.36638554
41,ml_line_41,345000.0,126.59743339
42,ml_line_42,230000.0,167.88851593
43,ml_line_43,230000.0,15.19261122
44,ml_line_44,230000.0,127.0464213
45,ml_line_45,230000.0,17.60606677
46,ml_line_46,230000.0,73.09737168
47,ml_line_47,345000.0,200.84814102
48,ml_line_48,500000.0,151.75575406
49,ml_line_49,230000.0,86.39695434
50,ml_line_50,230000.0,25.69501894
51,ml_line_51,230000.0,0.44230975
52,ml_line_52,440000.0,90.64134859
53,ml_line_53,230000.0,41.54732443
54,ml_line_54,230000.0,1.0438169
55,ml_line_55,500000.0,200.22413384
56,ml_line_56,230000.0,0.09997843
57,ml_line_57,525000.0,257.82955437
58,ml_line_58,345000.0,97.19917421
59,ml_line_59,345000.0,21.3400689
60,ml_line_60,230000.0,7.23484664
61,ml_line_61,230000.0,23.09172222
62,ml_line_62,500000.0,124.68873604
63,ml_line_63,345000.0,14.0165415
64,ml_line_64,525000.0,58.87001488
65,ml_line_65,440000.0,29.94421575
66,ml_line_66,500000.0,214.17625379
67,ml_line_67,230000.0,60.50830977
68,ml_line_68,230000.0,151.96195353
69,ml_line_69,500000.0,32.35617352
70,ml_line_70,230000.0,108.8595129
71,ml_line_71,230000.0,160.83912081
72,ml_line_72,230000.0,1.30122633
73,ml_line_73,230000.0,11.82053534
74,ml_line_74,230000.0,8.81926001
75,ml_line_75,345000.0,7.53037879
76,ml_line_76,230000.0,25.48745294
77,ml_line_77,230000.0,168.31888455
78,ml_line_78,230000.0,141.63192385
79,ml_line_79,345000.0,24.30173924
80,ml_line_80,230000.0,51.47806066
81,ml_line_81,230000.0,5.95157155
82,ml_line_82,230000.0,34.84125502
83,ml_line_83,230000.0,226.06685248
84,ml_line_84,525000.0,243.30962988
85,ml_line_85,230000.0,112.16512958
86,ml_line_86,230000.0,210.18998112
87,ml_line_87,500000.0,160.49003864
88,ml_line_88,230000.0,53.15679786
89,ml_line_89,500000.0,226.99951934
90,ml_line_90,230000.0,9.06213146
91,ml_line_91,230000.0,129.21572245
92,ml_line_92,230000.0,0.32100141
93,ml_line_93,345000.0,0.74131302
94,ml_line_94,500000.0,345.26021373
95,ml_line_95,230000.0,210.08539213
96,ml_line_96,230000.0,10.70483394
97,ml_line_97,230000.0,47.18696575
98,ml_line_98,440000.0,63.42827337
99,ml_line_99,230000.0,19.83955805
100,ml_line_100,230000.0,19.83955805
101,ml_line_101,230000.0,42.83340522
102,ml_line_102,230000.0,116.33212812
103,ml_line_103,500000.0,385.58167811
104,ml_line_104,230000.0,104.36101721
105,ml_line_105,230000.0,136.07919032
106,ml_line_106,230000.0,30.4800511
107,ml_line_107,230000.0,185.07450341
108,ml_line_108,440000.0,1.0113012
109,ml_line_109,345000.0,35.76514189
110,ml_line_110,230000.0,64.70416371
111,ml_line_111,230000.0,33.48566808
112,ml_line_112,230000.0,40.59670775
113,ml_line_113,230000.0,94.3721889
114,ml_line_114,230000.0,7.4280518
115,ml_line_115,230000.0,21.28873116
116,ml_line_116,230000.0,44.6737342
117,ml_line_117,500000.0,7.85028704
118,ml_line_118,500000.0,9.19050069
119,ml_line_119,345000.0,4.74590935
120,ml_line_120,230000.0,32.69933525
121,ml_line_121,345000.0,13.009617
122,ml_line_122,230000.0,46.95382037
123,ml_line_123,230000.0,167.34645681
124,ml_line_124,230000.0,64.06759009
125,ml_line_125,525000.0,236.44156361
126,ml_line_126,230000.0,10.77511182
127,ml_line_127,230000.0,53.9151834
128,ml_line_128,500000.0,11.93729495
129,ml_line_129,230000.0,32.66130114
130,ml_line_130,230000.0,104.30584933
131,ml_line_131,230000.0,107.061342
132,ml_line_132,440000.0,33.47776525
133,ml_line_133,230000.0,0.46113035
134,ml_line_134,500000.0,236.64657478
135,ml_line_135,525000.0,121.96906635
136,ml_line_136,765000.0,272.27557884
137,ml_line_137,500000.0,193.77558929
138,ml_line_138,500000.0,65.245821
139,ml_line_139,230000.0,173.91143129
140,ml_line_140,230000.0,11.87515858
141,ml_line_141,230000.0,10.65860844
142,ml_line_142,230000.0,0.09067185
143,ml_line_143,345000.0,13.29916798
144,ml_line_144,345000.0,30.20897221
145,ml_line_145,230000.0,26.9273151
146,ml_line_146,230000.0,57.02211464
147,ml_line_147,230000.0,19.47818033
148,ml_line_148,230000.0,24.84183301
149,ml_line_149,525000.0,35.57757335
150,ml_line_150,345000.0,25.25227897
151,ml_line_151,500000.0,236.99149218
152,ml_line_152,230000.0,17.8542743
153,ml_line_153,230000.0,161.65705084
154,ml_line_154,230000.0,107.22775048
155,ml_line_155,230000.0,6.1218936
156,ml_line_156,345000.0,0.41059927
157,ml_line_157,500000.0,82.39395302
158,ml_line_158,230000.0,1.56738269
159,ml_line_159,230000.0,2.07793134
160,ml_line_160,345000.0,16.36070533
161,ml_line_161,345000.0,26.21038009
162,ml_line_162,230000.0,0.60106662
163,ml_line_163,230000.0,3.2280021
164,ml_line_164,230000.0,12.2618995
165,ml_line_165,500000.0,14.05304069
166,ml_line_166,230000.0,41.78342036
167,ml_line_167,500000.0,414.88081662
168,ml_line_168,230000.0,278.8000699
169,ml_line_169,230000.0,240.48543728
170,ml_line_170,500000.0,0.76099673
171,ml_line_171,500000.0,222.77846628
172,ml_line_172,230000.0,17.76714041
173,ml_line_173,230000.0,97.57061843
174,ml_line_174,500000.0,167.67080254
175,ml_line_175,230000.0,22.17800477
176,ml_line_176,230000.0,0.111437
177,ml_line_177,230000.0,84.01979386
178,ml_line_178,230000.0,127.51946094
179,ml_line_179,230000.0,74.71024104
180,ml_line_180,230000.0,80.22743432
181,ml_line_181,230000.0,70.91258778
182,ml_line_182,230000.0,20.54538687
183,ml_line_183,230000.0,99.92342939
184,ml_line_184,345000.0,131.49277811
185,ml_line_185,230000.0,53.56888854
186,ml_line_186,230000.0,87.92710615
187,ml_line_187,230000.0,200.7822161
188,ml_line_188,230000.0,15.68048297
189,ml_line_189,500000.0,19.40538842
190,ml_line_190,230000.0,40.77712437
191,ml_line_191,230000.0,153.13799059
192,ml_line_192,500000.0,415.04911434
193,ml_line_193,230000.0,34.5555935
194,ml_line_194,440000.0,124.50770975
195,ml_line_195,230000.0,207.7551292
196,ml_line_196,230000.0,5.75878443
197,ml_line_197,230000.0,74.54086846
198,ml_line_198,765000.0,330.91271348
199,ml_line_199,230000.0,0.02063529
200,ml_line_200,440000.0,113.1978908
201,ml_line_201,230000.0,1.21331009
202,ml_line_202,230000.0,115.75167593
203,ml_line_203,500000.0,59.24473193
204,ml_line_204,230000.0,64.19220296
205,ml_line_205,230000.0,137.33312972
206,ml_line_206,230000.0,15.10938107
207,ml_line_207,500000.0,277.37694325
208,ml_line_208,230000.0,38.24618857
209,ml_line_209,230000.0,66.52637662
210,ml_line_210,345000.0,13.86629417
211,ml_line_211,500000.0,211.68824604
212,ml_line_212,230000.0,2.79159397
213,ml_line_213,230000.0,20.43586379
214,ml_line_214,230000.0,126.43139934
215,ml_line_215,440000.0,57.91683575
216,ml_line_216,345000.0,178.18413833
217,ml_line_217,345000.0,0.05257485
218,ml_line_218,230000.0,10.29715251
219,ml_line_219,230000.0,85.65482456
220,ml_line_220,230000.0,159.78390543
221,ml_line_221,500000.0,69.53363109
222,ml_line_222,230000.0,58.96533921
223,ml_line_223,230000.0,0.27426093
224,ml_line_224,230000.0,29.57940773
225,ml_line_225,230000.0,59.85015478
226,ml_line_226,525000.0,234.8266349
227,ml_line_227,230000.0,304.40682902
228,ml_line_228,230000.0,67.0092673
229,ml_line_229,230000.0,172.61506802
230,ml_line_230,500000.0,177.66007621
231,ml_line_231,230000.0,21.86000943
232,ml_line_232,230000.0,69.0867261
233,ml_line_233,500000.0,32.85891052
234,ml_line_234,345000.0,31.88370386
235,ml_line_235,345000.0,17.62866878
236,ml_line_236,230000.0,165.71545857
237,ml_line_237,500000.0,99.69772185
238,ml_line_238,230000.0,87.56730129
239,ml_line_239,230000.0,22.96756456
240,ml_line_240,500000.0,8.68028395
241,ml_line_241,230000.0,7.83872928
242,ml_line_242,230000.0,34.64713318
243,ml_line_243,345000.0,180.87708538
244,ml_line_244,345000.0,2.3300527
245,ml_line_245,500000.0,297.30865163
246,ml_line_246,230000.0,40.34018782
247,ml_line_247,440000.0,90.51639499
248,ml_line_248,230000.0,92.05956464
249,ml_line_249,230000.0,3.36949033
250,ml_line_250,500000.0,0.96610611
251,ml_line_251,500000.0,53.63105149
252,ml_line_252,440000.0,236.96183399
253,ml_line_253,345000.0,29.36246431
254,ml_line_254,345000.0,177.99803269
255,ml_line_255,230000.0,0.36863936
256,ml_line_256,500000.0,344.93051421
257,ml_line_257,230000.0,25.54086841
258,ml_line_258,230000.0,30.92642742
259,ml_line_259,230000.0,20.34559278
260,ml_line_260,440000.0,182.04340325
261,ml_line_261,500000.0,242.29509571
262,ml_line_262,500000.0,252.8209392
263,ml_line_263,500000.0,118.58416724
264,ml_line_264,500000.0,118.64069259
265,ml_line_265,230000.0,22.92814721
266,ml_line_266,230000.0,0.4975483
267,ml_line_267,230000.0,13.48764485
268,ml_line_268,230000.0,0.04709129
269,ml_line_269,230000.0,100.38059617
270,ml_line_270,230000.0,336.14231261
271,ml_line_271,230000.0,75.21400724
272,ml_line_272,500000.0,223.86332821
273,ml_line_273,500000.0,365.85731833
274,ml_line_274,230000.0,27.95392942
275,ml_line_275,230000.0,151.53440669
276,ml_line_276,230000.0,23.44685674
277,ml_line_277,230000.0,46.57134315
278,ml_line_278,345000.0,220.91891727
279,ml_line_279,500000.0,214.42059568
280,ml_line_280,230000.0,23.96716053
281,ml_line_281,230000.0,44.17445586
282,ml_line_282,440000.0,49.46795719
283,ml_line_283,345000.0,112.06936872
284,ml_line_284,500000.0,366.94275564
285,ml_line_285,230000.0,99.82099805
286,ml_line_286,230000.0,74.70403102
287,ml_line_287,230000.0,93.04477604
288,ml_line_288,440000.0,309.08524619
289,ml_line_289,230000.0,13.53909587
290,ml_line_290,500000.0,369.7938473
291,ml_line_291,230000.0,79.07876468
292,ml_line_292,230000.0,1.18980457
293,ml_line_293,230000.0,85.47168191
294,ml_line_294,230000.0,64.41679068
295,ml_line_295,525000.0,0.78878116
296,ml_line_296,525000.0,122.17700319
297,ml_line_297,500000.0,91.37613051
298,ml_line_298,230000.0,2.37603273
299,ml_line_299,230000.0,34.64903864
300,ml_line_300,230000.0,9.30701978
301,ml_line_301,500000.0,88.27709345
302,ml_line_302,500000.0,203.86829315
303,ml_line_303,230000.0,0.62171015
304,ml_line_304,525000.0,132.32700273
305,ml_line_305,230000.0,103.12054133
306,ml_line_306,440000.0,107.12089578
307,ml_line_307,230000.0,0.71754784
308,ml_line_308,230000.0,2.74736399
309,ml_line_309,230000.0,11.38001056
310,ml_line_310,500000.0,2.05022568
311,ml_line_311,500000.0,1.52140366
312,ml_line_312,230000.0,19.52726565
313,ml_line_313,345000.0,4.62373426
314,ml_line_314,230000.0,95.13930888
315,ml_line_315,230000.0,0.18667643
316,ml_line_316,230000.0,21.61212247
317,ml_line_317,500000.0,329.30614641
318,ml_line_318,440000.0,18.41456986
319,ml_line_319,230000.0,1.79161131
320,ml_line_320,230000.0,207.36802988
321,ml_line_321,230000.0,23.80274793
322,ml_line_322,500000.0,152.56563772
323,ml_line_323,500000.0,191.86555211
324,ml_line_324,230000.0,9.64652951
325,ml_line_325,230000.0,47.35906874
326,ml_line_326,230000.0,15.57057963
327,ml_line_327,230000.0,295.22716703
328,ml_line_328,345000.0,78.68420051
329,ml_line_329,500000.0,176.06772339
330,ml_line_330,230000.0,128.55296779
331,ml_line_331,230000.0,5.57872848
332,ml_line_332,440000.0,10.7980199
333,ml_line_333,500000.0,5.92324285
334,ml_line_334,230000.0,78.71062619
335,ml_line_335,500000.0,286.71345748
336,ml_line_336,230000.0,122.8731484
337,ml_line_337,345000.0,26.20833559
338,ml_line_338,500000.0,188.55649816
339,ml_line_339,230000.0,41.25306124
340,ml_line_340,230000.0,52.7715733
341,ml_line_341,525000.0,176.41266894
342,ml_line_342,230000.0,0.77484178
343,ml_line_343,345000.0,143.95955393
344,ml_line_344,500000.0,18.56157733
345,ml_line_345,500000.0,255.85523285
346,ml_line_346,230000.0,99.46131589
347,ml_line_347,500000.0,46.70918892
348,ml_line_348,230000.0,26.67384351
349,ml_line_349,230000.0,160.59982203
350,ml_line_350,230000.0,1.60627909
351,ml_line_351,230000.0,148.66566355
352,ml_line_352,500000.0,315.26326396
353,ml_line_353,230000.0,1.62799898
354,ml_line_354,230000.0,24.69103763
355,ml_line_355,230000.0,95.6386977
356,ml_line_356,230000.0,104.86655653
357,ml_line_357,500000.0,0.73658072
358,ml_line_358,230000.0,120.33284431
359,ml_line_359,230000.0,3.38528312
360,ml_line_360,500000.0,13.89264006
361,ml_line_361,230000.0,9.84973607
362,ml_line_362,345000.0,4.70533109
363,ml_line_363,345000.0,13.34787125
364,ml_line_364,230000.0,3.00900491
365,ml_line_365,230000.0,7.45878766
366,ml_line_366,230000.0,2.23558567
367,ml_line_367,230000.0,5.28915789
368,ml_line_368,230000.0,0.72094603
369,ml_line_369,500000.0,0.70344399
370,ml_line_370,230000.0,200.7774677
371,ml_line_371,230000.0,4.18599244
372,ml_line_372,230000.0,16.25999908
373,ml_line_373,500000.0,41.23035988
374,ml_line_374,500000.0,240.76128852
375,ml_line_375,500000.0,213.3698792
376,ml_line_376,230000.0,1.81897555
377,ml_line_377,230000.0,1.545335
378,ml_line_378,230000.0,14.76318176
379,ml_line_379,440000.0,220.70125643
380,ml_line_380,230000.0,21.2951618
381,ml_line_381,230000.0,0.40829034
382,ml_line_382,230000.0,12.21852678
383,ml_line_383,230000.0,2.96331342
384,ml_line_384,500000.0,174.86690215
385,ml_line_385,230000.0,141.25835971
386,ml_line_386,500000.0,40.05515607
387,ml_line_387,230000.0,31.44242752
388,ml_line_388,345000.0,75.41420868
389,ml_line_389,230000.0,15.12508189
390,ml_line_390,345000.0,107.95993481
391,ml_line_391,765000.0,265.19375842
392,ml_line_392,230000.0,22.19116295
393,ml_line_393,230000.0,47.72775202
394,ml_line_394,230000.0,208.82945869
395,ml_line_395,230000.0,105.03895919
396,ml_line_396,230000.0,29.25347055
397,ml_line_397,525000.0,10.67039808
398,ml_line_398,345000.0,113.49978006
399,ml_line_399,230000.0,267.91944355
400,ml_line_400,230000.0,14.82116967
401,ml_line_401,230000.0,35.18327323
402,ml_line_402,345000.0,13.75774025
403,ml_line_403,500000.0,57.2350513
404,ml_line_404,230000.0,24.79947406
405,ml_line_405,500000.0,1.50890134
406,ml_line_406,500000.0,174.81212321
407,ml_line_407,230000.0,66.86716216
408,ml_line_408,500000.0,170.91518993
409,ml_line_409,230000.0,108.01271802
410,ml_line_410,500000.0,74.32496513
411,ml_line_411,230000.0,49.09718148
412,ml_line_412,230000.0,4.54619562
413,ml_line_413,230000.0,68.18035701
414,ml_line_414,500000.0,297.5867953
415,ml_line_415,230000.0,81.13440942
416,ml_line_416,230000.0,155.31563944
417,ml_line_417,230000.0,0.28067566
418,ml_line_418,230000.0,96.934357
419,ml_line_419,230000.0,198.93646804
420,ml_line_420,525000.0,0.59372673
421,ml_line_421,500000.0,343.90606704
422,ml_line_422,345000.0,5.33564854
423,ml_line_423,230000.0,135.16839322
424,ml_line_424,230000.0,93.6002177
425,ml_line_425,230000.0,30.48981944
426,ml_line_426,230000.0,129.77204855
427,ml_line_427,230000.0,41.58303253
428,ml_line_428,230000.0,35.08093471
429,ml_line_429,230000.0,9.73470316
430,ml_line_430,230000.0,29.91140441
431,ml_line_431,230000.0,17.15894639
432,ml_line_432,500000.0,356.01282669
433,ml_line_433,230000.0,116.02139786
434,ml_line_434,500000.0,181.42547585
435,ml_line_435,230000.0,123.12441019
436,ml_line_436,230000.0,40.33168241
437,ml_line_437,440000.0,116.6812553
438,ml_line_438,230000.0,104.2119545
439,ml_line_439,440000.0,108.21935166
440,ml_line_440,500000.0,175.79278275
441,ml_line_441,230000.0,187.59268142
442,ml_line_442,230000.0,12.65073485
443,ml_line_443,500000.0,119.38772178
444,ml_line_444,500000.0,23.99051834
445,ml_line_445,230000.0,10.20511946
446,ml_line_446,230000.0,31.00414904
447,ml_line_447,230000.0,22.49436207
448,ml_line_448,230000.0,34.85750218
449,ml_line_449,345000.0,77.04885889
450,ml_line_450,500000.0,242.46289726
451,ml_line_451,500000.0,0.955975
452,ml_line_452,500000.0,40.23923445
453,ml_line_453,230000.0,8.83448314
454,ml_line_454,230000.0,76.12281025
455,ml_line_455,345000.0,57.02724077
456,ml_line_456,500000.0,255.85932807
457,ml_line_457,230000.0,44.48662416
458,ml_line_458,230000.0,106.62858965
459,ml_line_459,230000.0,8.65769132
460,ml_line_460,345000.0,96.70688431
461,ml_line_461,230000.0,5.45319363
462,ml_line_462,500000.0,34.26733442
463,ml_line_463,230000.0,14.04302843
464,ml_line_464,440000.0,46.8462757
465,ml_line_465,230000.0,58.68897714
466,ml_line_466,230000.0,171.52319288
467,ml_line_467,230000.0,25.96783598
468,ml_line_468,230000.0,1.39303801
469,ml_line_469,230000.0,85.46718328
470,ml_line_470,500000.0,206.72610987
471,ml_line_471,525000.0,256.20295263
472,ml_line_472,230000.0,19.95021363
473,ml_line_473,440000.0,80.90665484
474,ml_line_474,500000.0,353.27709556
475,ml_line_475,500000.0,13.72168338
476,ml_line_476,230000.0,107.94157093
477,ml_line_477,230000.0,211.09977841
478,ml_line_478,345000.0,4.05713848
479,ml_line_479,500000.0,6.07374957
480,ml_line_480,230000.0,0.16373488
481,ml_line_481,500000.0,297.29998306
482,ml_line_482,500000.0,243.0672043
483,ml_line_483,230000.0,52.04814146
484,ml_line_484,765000.0,303.97494226
485,ml_line_485,500000.0,199.27676779
486,ml_line_486,230000.0,203.85588043
487,ml_line_487,230000.0,0.7335138
488,ml_line_488,230000.0,1.69651879
489,ml_line_489,230000.0,11.29854555
490,ml_line_490,500000.0,2.13057924
491,ml_line_491,500000.0,32.34214149
492,ml_line_492,230000.0,19.95223421
493,ml_line_493,230000.0,130.36515371
494,ml_line_494,230000.0,103.96914339
495,ml_line_495,525000.0,0.76263709
496,ml_line_496,230000.0,50.26519777
497,ml_line_497,230000.0,150.61473975
498,ml_line_498,500000.0,367.86204024
499,ml_line_499,230000.0,154.06827613
500,ml_line_500,230000.0,65.55523487
501,ml_line_501,345000.0,66.5549597
502,ml_line_502,230000.0,66.2131047
503,ml_line_503,230000.0,0.56116807
504,ml_line_504,230000.0,5.79590098
505,ml_line_505,230000.0,0.51439754
506,ml_line_506,500000.0,334.74280047
507,ml_line_507,440000.0,211.2145003
508,ml_line_508,230000.0,436.16732116
509,ml_line_509,230000.0,170.14116676
510,ml_line_510,230000.0,81.90270056
511,ml_line_511,230000.0,72.46530819
512,ml_line_512,500000.0,8.09398112
513,ml_line_513,230000.0,23.9172967
514,ml_line_514,500000.0,249.70265369
515,ml_line_515,230000.0,86.01034536
516,ml_line_516,230000.0,43.70259602
517,ml_line_517,525000.0,187.70045311
518,ml_line_518,230000.0,8.09761506
519,ml_line_519,345000.0,49.62028334
520,ml_line_520,230000.0,139.74094984
521,ml_line_521,230000.0,31.99543122
522,ml_line_522,345000.0,16.39272209
523,ml_line_523,230000.0,33.20836093
524,ml_line_524,230000.0,0.05230028
525,ml_line_525,500000.0,355.18646715
526,ml_line_526,230000.0,0.7060986
527,ml_line_527,500000.0,222.27827959
528,ml_line_528,440000.0,56.76769883
529,ml_line_529,500000.0,171.34814763
530,ml_line_530,500000.0,96.24135375
531,ml_line_531,500000.0,0.732386
532,ml_line_532,500000.0,128.69646531
533,ml_line_533,230000.0,12.02903423
534,ml_line_534,500000.0,181.94494709
535,ml_line_535,230000.0,82.72522413
536,ml_line_536,345000.0,21.34954797
537,ml_line_537,500000.0,142.79940323
538,ml_line_538,500000.0,32.59270233
539,ml_line_539,230000.0,7.19308724
540,ml_line_540,500000.0,416.75310604
541,ml_line_541,230000.0,58.12707145
542,ml_line_542,230000.0,121.44031696
543,ml_line_543,230000.0,138.10649632
544,ml_line_544,230000.0,263.08577073
545,ml_line_545,230000.0,19.41507635
546,ml_line_546,230000.0,116.54266113
547,ml_line_547,500000.0,6.30144029
548,ml_line_548,230000.0,11.14724459
549,ml_line_549,230000.0,11.62474064
550,ml_line_550,230000.0,4.91725133
551,ml_line_551,500000.0,222.02031929
552,ml_line_552,230000.0,5.10706829
553,ml_line_553,345000.0,156.7952869
554,ml_line_554,500000.0,0.81506978
555,ml_line_555,230000.0,47.17313975
556,ml_line_556,230000.0,10.26289556
557,ml_line_557,230000.0,79.09538212
558,ml_line_558,230000.0,16.75143336
559,ml_line_559,440000.0,40.55102809
560,ml_line_560,345000.0,131.61022071
561,ml_line_561,230000.0,37.25174764
562,ml_line_562,230000.0,206.96028818
563,ml_line_563,230000.0,0.28579815
564,ml_line_564,525000.0,78.13393713
565,ml_line_565,230000.0,29.31287664
566,ml_line_566,230000.0,149.82171135
567,ml_line_567,345000.0,231.41569646
568,ml_line_568,230000.0,196.18769151
569,ml_line_569,230000.0,29.88382654
570,ml_line_570,230000.0,84.20677168
571,ml_line_571,230000.0,81.24410599
572,ml_line_572,230000.0,9.18747802
573,ml_line_573,230000.0,4.51677506
574,ml_line_574,500000.0,0.68766383
575,ml_line_575,230000.0,32.60621558
576,ml_line_576,230000.0,3.65443118
577,ml_line_577,230000.0,20.12297141
578,ml_line_578,230000.0,107.63019081
579,ml_line_579,230000.0,55.04037525
580,ml_line_580,230000.0,0.35095468
581,ml_line_581,500000.0,21.07653335
582,ml_line_582,230000.0,1.24940303
583,ml_line_583,500000.0,54.47005701
584,ml_line_584,230000.0,5.77434335
585,ml_line_585,525000.0,2.0724299
586,ml_line_586,230000.0,181.07720965
587,ml_line_587,345000.0,21.35526721
588,ml_line_588,230000.0,43.44077796
589,ml_line_589,230000.0,10.98941427
590,ml_line_590,230000.0,6.72523018
591,ml_line_591,230000.0,228.68805499
592,ml_line_592,230000.0,157.85671244
593,ml_line_593,230000.0,23.04852858
594,ml_line_594,765000.0,322.7059286
595,ml_line_595,230000.0,116.70861476
596,ml_line_596,230000.0,13.62233779
597,ml_line_597,230000.0,264.52603319
598,ml_line_598,230000.0,151.03023211
599,ml_line_599,345000.0,97.20411824
600,ml_line_600,345000.0,30.16959837
601,ml_line_601,500000.0,62.29921294
602,ml_line_602,230000.0,23.08678677
603,ml_line_603,500000.0,135.6142555
604,ml_line_604,230000.0,199.04364716
605,ml_line_605,230000.0,21.93952565
606,ml_line_606,345000.0,8.40974026
607,ml_line_607,230000.0,18.28182238
608,ml_line_608,230000.0,134.67202883
609,ml_line_609,230000.0,101.49635158
610,ml_line_610,230000.0,0.1011645
611,ml_line_611,230000.0,8.69383526
612,ml_line_612,230000.0,96.5791078
613,ml_line_613,230000.0,41.52724948
614,ml_line_614,440000.0,211.28091421
615,ml_line_615,230000.0,85.15349525
616,ml_line_616,345000.0,7.50925857
617,ml_line_617,500000.0,87.72090262
618,ml_line_618,230000.0,168.27252625
619,ml_line_619,230000.0,210.22511435
620,ml_line_620,230000.0,130.00536435
621,ml_line_621,230000.0,50.32056688
622,ml_line_622,230000.0,1.30295442
623,ml_line_623,230000.0,128.54850305
624,ml_line_624,500000.0,269.86636973
625,ml_line_625,500000.0,297.84886618
626,ml_line_626,230000.0,58.51138567
627,ml_line_627,230000.0,22.64109862
628,ml_line_628,230000.0,0.02448464
629,ml_line_629,345000.0,61.01020767
630,ml_line_630,230000.0,22.94439919
631,ml_line_631,230000.0,99.12882921
632,ml_line_632,440000.0,21.24504851
633,ml_line_633,230000.0,16.28580385
634,ml_line_634,230000.0,160.81437036
635,ml_line_635,230000.0,119.74754309
636,ml_line_636,500000.0,29.34010663
637,ml_line_637,230000.0,98.39586795
638,ml_line_638,500000.0,201.4378584
639,ml_line_639,230000.0,0.05773181
640,ml_line_640,500000.0,253.36116258
641,ml_line_641,500000.0,329.36074476
642,ml_line_642,525000.0,33.75892065
643,ml_line_643,230000.0,96.24857108
644,ml_line_644,500000.0,164.75909972
645,ml_line_645,500000.0,94.10532652
646,ml_line_646,500000.0,94.10532652
647,ml_line_647,230000.0,56.83496215
648,ml_line_648,345000.0,46.44693025
649,ml_line_649,230000.0,32.673737
650,ml_line_650,500000.0,111.27175862
651,ml_line_651,230000.0,69.43763948
652,ml_line_652,345000.0,2.13488794
653,ml_line_653,230000.0,25.48401417
654,ml_line_654,230000.0,42.04004633
655,ml_line_655,230000.0,0.3021749
656,ml_line_656,230000.0,13.45297334
657,ml_line_657,230000.0,58.44217181
658,ml_line_658,230000.0,20.74417854
659,ml_line_659,230000.0,65.0960727
660,ml_line_660,230000.0,77.68162418
661,ml_line_661,500000.0,136.63467398
662,ml_line_662,440000.0,5.48716527
663,ml_line_663,230000.0,46.98718376
664,ml_line_664,230000.0,29.66578874
665,ml_line_665,525000.0,152.08728169
666,ml_line_666,230000.0,160.01347439
667,ml_line_667,525000.0,29.17558445
668,ml_line_668,500000.0,11.97258159
669,ml_line_669,440000.0,23.80592891
670,ml_line_670,230000.0,74.7165339
671,ml_line_671,230000.0,336.08570619
672,ml_line_672,500000.0,141.6815439
673,ml_line_673,500000.0,7.75280562
674,ml_line_674,230000.0,11.30462928
675,ml_line_675,230000.0,4.89519378
676,ml_line_676,230000.0,0.71360907
677,ml_line_677,230000.0,120.09547091
678,ml_line_678,230000.0,68.54213722
679,ml_line_679,500000.0,240.86616516
680,ml_line_680,230000.0,8.42942257
681,ml_line_681,230000.0,32.66041373
682,ml_line_682,230000.0,64.20210069
683,ml_line_683,230000.0,7.41456397
684,ml_line_684,230000.0,57.98115058
685,ml_line_685,230000.0,21.22819031
686,ml_line_686,345000.0,21.08445547
687,ml_line_687,230000.0,22.1601539
688,ml_line_688,230000.0,74.32907396
689,ml_line_689,500000.0,347.85463847
690,ml_line_690,500000.0,347.86559413
691,ml_line_691,230000.0,56.88591142
692,ml_line_692,230000.0,15.11512731
693,ml_line_693,525000.0,122.07696539
694,ml_line_694,230000.0,50.95117956
695,ml_line_695,500000.0,256.78179119
696,ml_line_696,230000.0,11.87441365
697,ml_line_697,230000.0,120.23177429
698,ml_line_698,230000.0,137.52467443
699,ml_line_699,230000.0,16.5603272
700,ml_line_700,230000.0,35.299384
701,ml_line_701,230000.0,156.88839224
702,ml_line_702,500000.0,240.14139466
703,ml_line_703,345000.0,1.05992443
704,ml_line_704,500000.0,249.67596225
705,ml_line_705,500000.0,67.30743279
706,ml_line_706,230000.0,45.37978474
707,ml_line_707,500000.0,333.19609844
708,ml_line_708,230000.0,50.72875504
709,ml_line_709,230000.0,97.11407753
710,ml_line_710,500000.0,64.39204709
711,ml_line_711,230000.0,0.62012483
712,ml_line_712,500000.0,13.64930191
713,ml_line_713,230000.0,122.94496881
714,ml_line_714,230000.0,42.79784456
715,ml_line_715,230000.0,72.30136304
716,ml_line_716,525000.0,168.45126515
717,ml_line_717,230000.0,37.32742482
718,ml_line_718,345000.0,7.49704007
719,ml_line_719,500000.0,258.22780755
720,ml_line_720,230000.0,9.18602633
721,ml_line_721,230000.0,15.70072096
722,ml_line_722,230000.0,146.75468749
723,ml_line_723,345000.0,0.76719758
724,ml_line_724,500000.0,0.75144078
725,ml_line_725,230000.0,3.57599202
726,ml_line_726,230000.0,10.69891687
727,ml_line_727,230000.0,5.22326395
728,ml_line_728,500000.0,249.02746969
729,ml_line_729,440000.0,322.97247748
730,ml_line_730,345000.0,138.61266012
731,ml_line_731,230000.0,111.20809719
732,ml_line_732,230000.0,5.74955204
733,ml_line_733,230000.0,26.62663696
734,ml_line_734,230000.0,11.3170885
735,ml_line_735,230000.0,134.65041607
736,ml_line_736,500000.0,222.42142829
737,ml_line_737,230000.0,32.37347692
738,ml_line_738,230000.0,32.68165187
739,ml_line_739,230000.0,1.20917625
740,ml_line_740,500000.0,9.33940778
741,ml_line_741,500000.0,292.04176951
742,ml_line_742,230000.0,5.58603575
743,ml_line_743,230000.0,29.71511728
744,ml_line_744,230000.0,40.3608268
745,ml_line_745,500000.0,0.25810944
746,ml_line_746,500000.0,43.28598399
747,ml_line_747,230000.0,113.94262048
748,ml_line_748,230000.0,64.86251391
749,ml_line_749,230000.0,136.99716487
750,ml_line_750,230000.0,47.542242
751,ml_line_751,500000.0,144.34541783
752,ml_line_752,500000.0,141.32504614
753,ml_line_753,230000.0,0.993617
754,ml_line_754,230000.0,80.16884145
755,ml_line_755,525000.0,121.50911602
756,ml_line_756,500000.0,5.95705455
757,ml_line_757,345000.0,26.21887065
758,ml_line_758,500000.0,239.85177814
759,ml_line_759,500000.0,0.69241938
760,ml_line_760,230000.0,32.47485644
761,ml_line_761,765000.0,322.63281903
762,ml_line_762,230000.0,0.02008894
763,ml_line_763,230000.0,16.73900437
764,ml_line_764,230000.0,137.66153415
765,ml_line_765,230000.0,56.65462437
766,ml_line_766,230000.0,36.79707879
767,ml_line_767,230000.0,211.16393118
768,ml_line_768,440000.0,98.42792851
769,ml_line_769,345000.0,0.05269548
770,ml_line_770,500000.0,297.06068282
771,ml_line_771,440000.0,174.22198685
772,ml_line_772,345000.0,66.19957179
773,ml_line_773,345000.0,14.41590557
774,ml_line_774,230000.0,52.53746827
775,ml_line_775,500000.0,53.27177325
776,ml_line_776,230000.0,238.40575161
777,ml_line_777,230000.0,59.79365139
778,ml_line_778,345000.0,88.49159107
779,ml_line_779,230000.0,34.84119308
780,ml_line_780,230000.0,29.15562732
781,ml_line_781,230000.0,19.78235014
782,ml_line_782,230000.0,34.66110564
783,ml_line_783,525000.0,39.93140093
784,ml_line_784,500000.0,366.95167926
785,ml_line_785,230000.0,87.62575405
786,ml_line_786,230000.0,0.9016122
787,ml_line_787,230000.0,304.46406385
788,ml_line_788,230000.0,6.91721829
789,ml_line_789,230000.0,99.95538956
790,ml_line_790,230000.0,35.64237828
791,ml_line_791,230000.0,26.77027913
792,ml_line_792,500000.0,91.54286058
793,ml_line_793,500000.0,187.64588351
794,ml_line_794,500000.0,36.21013425
795,ml_line_795,230000.0,15.15328237
796,ml_line_796,500000.0,332.38246755
797,ml_line_797,230000.0,20.34949847
798,ml_line_798,440000.0,16.90403926
799,ml_line_799,345000.0,122.35452224
800,ml_line_800,500000.0,355.90700515
801,ml_line_801,230000.0,118.33884104
802,ml_line_802,230000.0,15.30499531
803,ml_line_803,230000.0,0.16705436
804,ml_line_804,230000.0,79.51744655
805,ml_line_805,230000.0,130.06114408
806,ml_line_806,500000.0,208.26939774
807,ml_line_807,500000.0,199.28294863
808,ml_line_808,230000.0,0.07594588
809,ml_line_809,230000.0,114.42915106
810,ml_line_810,230000.0,0.01247269
811,ml_line_811,230000.0,108.15098607
812,ml_line_812,230000.0,5.36843501
813,ml_line_813,500000.0,100.75381723
814,ml_line_814,500000.0,248.84679361
815,ml_line_815,500000.0,274.04921637
816,ml_line_816,230000.0,22.94010657
817,ml_line_817,230000.0,16.95540459
818,ml_line_818,230000.0,73.42627888
819,ml_line_819,230000.0,13.42571749
820,ml_line_820,230000.0,89.59691674
821,ml_line_821,230000.0,72.90255784
822,ml_line_822,230000.0,94.37889632
823,ml_line_823,345000.0,198.37567738
824,ml_line_824,500000.0,258.17244895
825,ml_line_825,230000.0,58.45633066
826,ml_line_826,230000.0,7.28774835
827,ml_line_827,500000.0,213.39447449
828,ml_line_828,230000.0,43.34240429
829,ml_line_829,230000.0,26.56030053
830,ml_line_830,230000.0,1.62338506
831,ml_line_831,345000.0,44.9276509
832,ml_line_832,230000.0,216.23314258
833,ml_line_833,500000.0,37.76629893
834,ml_line_834,230000.0,30.17398174
835,ml_line_835,230000.0,24.69738373
836,ml_line_836,230000.0,8.45270806
837,ml_line_837,230000.0,28.81331609
838,ml_line_838,230000.0,47.39290653
839,ml_line_839,230000.0,87.12819352
840,ml_line_840,345000.0,2.23603297
841,ml_line_841,230000.0,81.41158406
842,ml_line_842,230000.0,123.06458723
843,ml_line_843,230000.0,29.59466124
844,ml_line_844,230000.0,2.93476437
845,ml_line_845,230000.0,197.53351212
846,ml_line_846,230000.0,19.51041963
847,ml_line_847,230000.0,44.11583251
848,ml_line_848,230000.0,0.29549722
849,ml_line_849,345000.0,8.40956676
850,ml_line_850,230000.0,72.94322001
851,ml_line_851,500000.0,48.90312466
852,ml_line_852,230000.0,0.51753786
853,ml_line_853,230000.0,17.18685871
854,ml_line_854,525000.0,204.07445597
855,ml_line_855,230000.0,20.26627948
856,ml_line_856,230000.0,21.33176301
857,ml_line_857,500000.0,151.84505616
858,ml_line_858,230000.0,0.27076337
859,ml_line_859,132000.0,16.28437006
860,ml_line_860,525000.0,138.33277469
861,ml_line_861,230000.0,77.63489993
862,ml_line_862,500000.0,299.69964172
863,ml_line_863,440000.0,222.23877248
864,ml_line_864,230000.0,24.72563129
865,ml_line_865,230000.0,94.348945
866,ml_line_866,500000.0,223.8395858
867,ml_line_867,500000.0,328.22016722
868,ml_line_868,230000.0,111.78091601
869,ml_line_869,230000.0,0.47096428
870,ml_line_870,230000.0,6.27644224
871,ml_line_871,500000.0,42.77595041
872,ml_line_872,230000.0,30.37275087
873,ml_line_873,500000.0,134.8345653
874,ml_line_874,345000.0,184.77606992
875,ml_line_875,500000.0,181.90861659
876,ml_line_876,230000.0,3.90559904
877,ml_line_877,230000.0,16.55911362
878,ml_line_878,500000.0,159.22994206
879,ml_line_879,230000.0,19.40513122
880,ml_line_880,230000.0,160.42576789
881,ml_line_881,230000.0,36.08849009
882,ml_line_882,440000.0,140.37498264
883,ml_line_883,345000.0,5.9035222
884,ml_line_884,230000.0,110.46677784
885,ml_line_885,230000.0,110.46677784
886,ml_line_886,230000.0,110.46677784
887,ml_line_887,500000.0,96.45027366
888,ml_line_888,230000.0,26.64822157
889,ml_line_889,500000.0,333.16926381
890,ml_line_890,230000.0,82.81977703
891,ml_line_891,345000.0,45.25688269
892,ml_line_892,230000.0,35.58451392
893,ml_line_893,230000.0,41.25003133
894,ml_line_894,230000.0,155.20038444
895,ml_line_895,500000.0,180.95229701
896,ml_line_896,500000.0,69.54475117
897,ml_line_897,230000.0,74.78304106
898,ml_line_898,230000.0,7.43394973
899,ml_line_899,230000.0,84.9274718
900,ml_line_900,230000.0,148.83965475
901,ml_line_901,230000.0,148.83965475
902,ml_line_902,500000.0,0.47565343
903,ml_line_903,500000.0,255.84573678
904,ml_line_904,500000.0,192.94757399
905,ml_line_905,440000.0,5.22304515
906,ml_line_906,345000.0,35.36551945
907,ml_line_907,230000.0,44.09769899
908,ml_line_908,230000.0,7.15299909
909,ml_line_909,230000.0,2.28847736
910,ml_line_910,525000.0,220.32521862
911,ml_line_911,230000.0,37.303202
912,ml_line_912,345000.0,7.60742593
913,ml_line_913,345000.0,21.32499099
914,ml_line_914,500000.0,343.59283651
915,ml_line_915,230000.0,61.54937007
916,ml_line_916,230000.0,142.63535808
917,ml_line_917,230000.0,42.31579662
918,ml_line_918,230000.0,72.66696823
919,ml_line_919,230000.0,16.23180475
920,ml_line_920,500000.0,219.85070786
921,ml_line_921,230000.0,91.29919737
922,ml_line_922,230000.0,189.8444808
923,ml_line_923,230000.0,9.19707528
924,ml_line_924,525000.0,34.9035449
925,ml_line_925,500000.0,127.54666353
926,ml_line_926,230000.0,23.53117295
927,ml_line_927,230000.0,267.88701357
928,ml_line_928,230000.0,2.94247077
929,ml_line_929,500000.0,29.57684937
930,ml_line_930,230000.0,175.79293211
931,ml_line_931,230000.0,203.22183791
932,ml_line_932,230000.0,6.06795267
933,ml_line_933,500000.0,208.22612324
934,ml_line_934,230000.0,8.17044917
935,ml_line_935,230000.0,2.47879997
936,ml_line_936,230000.0,9.98396226
937,ml_line_937,765000.0,312.64085708
938,ml_line_938,230000.0,174.8951345
939,ml_line_939,230000.0,236.65240927
940,ml_line_940,230000.0,104.90716737
941,ml_line_941,230000.0,49.35378294
942,ml_line_942,230000.0,17.57498086
943,ml_line_943,440000.0,177.32840767
944,ml_line_944,345000.0,199.51955245
945,ml_line_945,500000.0,180.13464157
946,ml_line_946,230000.0,25.97386502
947,ml_line_947,230000.0,167.8307333
948,ml_line_948,230000.0,83.30802
949,ml_line_949,230000.0,17.60279868
950,ml_line_950,345000.0,200.52720156
951,ml_line_951,345000.0,107.3296363
952,ml_line_952,230000.0,0.0740013
953,ml_line_953,230000.0,86.38424901
954,ml_line_954,525000.0,79.11907668
955,ml_line_955,440000.0,9.18631021
956,ml_line_956,500000.0,346.72573966
957,ml_line_957,500000.0,0.66328832
958,ml_line_958,230000.0,52.88984097
959,ml_line_959,230000.0,58.1046215
960,ml_line_960,230000.0,111.03084894
961,ml_line_961,230000.0,105.61064178
962,ml_line_962,230000.0,25.77777444
963,ml_line_963,230000.0,112.36175526
964,ml_line_964,230000.0,43.25228002
965,ml_line_965,345000.0,5.32825804
966,ml_line_966,500000.0,134.76435546
967,ml_line_967,500000.0,198.20677724
968,ml_line_968,230000.0,30.61206894
969,ml_line_969,500000.0,9.01984346
970,ml_line_970,230000.0,51.7237066
971,ml_line_971,440000.0,224.28332881
972,ml_line_972,230000.0,41.58331231
973,ml_line_973,345000.0,43.10587119
974,ml_line_974,230000.0,1.54070031
975,ml_line_975,230000.0,18.0671085
976,ml_line_976,525000.0,0.60542788
977,ml_line_977,500000.0,343.96083426
978,ml_line_978,230000.0,24.03307078
979,ml_line_979,525000.0,20.47656434
980,ml_line_980,440000.0,69.11307301
981,ml_line_981,230000.0,9.74580386
982,ml_line_982,500000.0,87.24094839
983,ml_line_983,345000.0,26.214626
984,ml_line_984,230000.0,183.67381031
985,ml_line_985,230000.0,60.91666106
986,ml_line_986,230000.0,45.91207552
987,ml_line_987,500000.0,356.7059695
988,ml_line_988,230000.0,84.45294555
989,ml_line_989,230000.0,10.1760615
990,ml_line_990,500000.0,218.25512114
991,ml_line_991,230000.0,37.38991507
992,ml_line_992,525000.0,314.12042361
993,ml_line_993,440000.0,166.95195696
994,ml_line_994,500000.0,144.34488258
995,ml_line_995,230000.0,18.11797757
996,ml_line_996,230000.0,127.50613397
997,ml_line_997,500000.0,94.21161144
998,ml_line_998,500000.0,94.21161144
999,ml_line_999,230000.0,67.15814494
1000,ml_line_1000,345000.0,24.13685731
1001,ml_line_1001,230000.0,58.12720507
1002,ml_line_1002,230000.0,11.81943614
1003,ml_line_1003,230000.0,15.46060577
1004,ml_line_1004,230000.0,129.21468606
1005,ml_line_1005,230000.0,0.3148244
1006,ml_line_1006,230000.0,43.45667401
1007,ml_line_1007,345000.0,0.65243042
1008,ml_line_1008,230000.0,107.80740644
1009,ml_line_1009,230000.0,107.87170752
1010,ml_line_1010,500000.0,385.58250286
1011,ml_line_1011,500000.0,265.21119572
1012,ml_line_1012,230000.0,21.30644131
1013,ml_line_1013,230000.0,12.65144686
1014,ml_line_1014,500000.0,6.03104834
1015,ml_line_1015,230000.0,10.71767058
1016,ml_line_1016,345000.0,22.46406466
1017,ml_line_1017,345000.0,27.69967507
1018,ml_line_1018,230000.0,44.47234186
1019,ml_line_1019,500000.0,344.29239082
1020,ml_line_1020,500000.0,343.46774528
1021,ml_line_1021,230000.0,65.87879296
1022,ml_line_1022,230000.0,0.04357234
1023,ml_line_1023,230000.0,106.60446015
1024,ml_line_1024,230000.0,11.18073344
1025,ml_line_1025,525000.0,173.17112569
1026,ml_line_1026,345000.0,0.43778078
1027,ml_line_1027,230000.0,3.42757942
1028,ml_line_1028,500000.0,14.78102409
1029,ml_line_1029,500000.0,34.25242138
1030,ml_line_1030,230000.0,187.79268136
1031,ml_line_1031,500000.0,356.88945491
1032,ml_line_1032,230000.0,58.13522392
1033,ml_line_1033,230000.0,28.42414015
1034,ml_line_1034,230000.0,326.36374593
1035,ml_line_1035,230000.0,18.61556613
1036,ml_line_1036,230000.0,196.83681227
1037,ml_line_1037,230000.0,0.07541653
1038,ml_line_1038,230000.0,173.38588721
1039,ml_line_1039,230000.0,13.13163658
1040,ml_line_1040,500000.0,7.99702045
1041,ml_line_1041,230000.0,45.09455385
1042,ml_line_1042,230000.0,32.69956353
1043,ml_line_1043,230000.0,90.8657255
1044,ml_line_1044,230000.0,40.59900449
1045,ml_line_1045,230000.0,4.21265943
1046,ml_line_1046,230000.0,65.65292395
1047,ml_line_1047,525000.0,0.70485323
1048,ml_line_1048,230000.0,0.09926601
1049,ml_line_1049,345000.0,5.10535607
1050,ml_line_1050,230000.0,50.41935347
1051,ml_line_1051,230000.0,138.51991187
1052,ml_line_1052,230000.0,177.74023186
1053,ml_line_1053,440000.0,86.71093332
1054,ml_line_1054,230000.0,87.27753888
1055,ml_line_1055,230000.0,3.45169367
1056,ml_line_1056,230000.0,155.98622565
1057,ml_line_1057,230000.0,131.09947856
1058,ml_line_1058,230000.0,19.35932453
1059,ml_line_1059,230000.0,1.6758091
1060,ml_line_1060,500000.0,5.26070046
1061,ml_line_1061,230000.0,102.06998238
1062,ml_line_1062,230000.0,79.62163775
1063,ml_line_1063,765000.0,265.24725726
1064,ml_line_1064,230000.0,40.59189879
1065,ml_line_1065,500000.0,133.72435974
1066,ml_line_1066,500000.0,182.19285209
1067,ml_line_1067,230000.0,19.47979425
1068,ml_line_1068,230000.0,42.93363864
1069,ml_line_1069,230000.0,6.13489228
1070,ml_line_1070,230000.0,1.91971213
1071,ml_line_1071,500000.0,109.00721341
1072,ml_line_1072,345000.0,198.35698166
1073,ml_line_1073,500000.0,258.11115815
1074,ml_line_1074,500000.0,317.97983113
1075,ml_line_1075,230000.0,6.29771201
1076,ml_line_1076,230000.0,96.01133994
1077,ml_line_1077,500000.0,0.7737167
1078,ml_line_1078,230000.0,61.11955002
1079,ml_line_1079,230000.0,19.81513449
1080,ml_line_1080,500000.0,195.07319041
1081,ml_line_1081,230000.0,43.96416192
1082,ml_line_1082,230000.0,64.79850273
1083,ml_line_1083,230000.0,196.76101405
1084,ml_line_1084,525000.0,235.21465643
1085,ml_line_1085,230000.0,278.81466919
1086,ml_line_1086,440000.0,49.43410135
1087,ml_line_1087,500000.0,105.21079069
1088,ml_line_1088,230000.0,0.71402055
1089,ml_line_1089,230000.0,2.02378176
1090,ml_line_1090,230000.0,200.0158814
1091,ml_line_1091,345000.0,150.3726005
1092,ml_line_1092,230000.0,11.9800099
1093,ml_line_1093,230000.0,9.94374726
1094,ml_line_1094,500000.0,14.0048355
1095,ml_line_1095,230000.0,0.49767701
1096,ml_line_1096,230000.0,0.05509811
1097,ml_line_1097,345000.0,200.20357207
1098,ml_line_1098,500000.0,32.65275197
1099,ml_line_1099,500000.0,56.00278535
1100,ml_line_1100,230000.0,240.67135764
1101,ml_line_1101,230000.0,33.57606982
1102,ml_line_1102,230000.0,53.65108307
1103,ml_line_1103,230000.0,0.02761042
1104,ml_line_1104,525000.0,1.94576463
1105,ml_line_1105,230000.0,181.17189739
1106,ml_line_1106,345000.0,156.75275726
1107,ml_line_1107,230000.0,9.64987858
1108,ml_line_1108,230000.0,37.62923303
1109,ml_line_1109,230000.0,119.04770523
1110,ml_line_1110,230000.0,22.8796811
1111,ml_line_1111,345000.0,62.70929841
1112,ml_line_1112,230000.0,37.24682363
1113,ml_line_1113,230000.0,189.55720533
1114,ml_line_1114,500000.0,37.83885882
1115,ml_line_1115,230000.0,67.11186923
1116,ml_line_1116,230000.0,64.68859619
1117,ml_line_1117,525000.0,252.53420914
1118,ml_line_1118,230000.0,5.69133236
1119,ml_line_1119,230000.0,74.74292387
1120,ml_line_1120,500000.0,127.58707306
1121,ml_line_1121,230000.0,232.71969796
1122,ml_line_1122,500000.0,0.80221337
1123,ml_line_1123,230000.0,80.16525635
1124,ml_line_1124,525000.0,267.96116096
1125,ml_line_1125,765000.0,305.60959414
1126,ml_line_1126,230000.0,147.61643946
1127,ml_line_1127,230000.0,207.73505749
1128,ml_line_1128,230000.0,76.15151115
1129,ml_line_1129,230000.0,4.80531
1130,ml_line_1130,230000.0,3.63204467
1131,ml_line_1131,230000.0,20.13127853
1132,ml_line_1132,230000.0,123.40920714
1133,ml_line_1133,500000.0,106.23186458
1134,ml_line_1134,500000.0,202.11188378
1135,ml_line_1135,230000.0,15.27769263
1136,ml_line_1136,230000.0,165.31868324
1137,ml_line_1137,500000.0,41.68942145
1138,ml_line_1138,230000.0,228.63348041
1139,ml_line_1139,230000.0,0.36618639
1140,ml_line_1140,230000.0,0.07410435
1141,ml_line_1141,230000.0,86.60993387
1142,ml_line_1142,500000.0,177.6763355
1143,ml_line_1143,230000.0,27.61837038
1144,ml_line_1144,138000.0,50.13159895
1145,ml_line_1145,440000.0,1.02062792
1146,ml_line_1146,230000.0,25.68040159
1147,ml_line_1147,500000.0,0.66561628
1148,ml_line_1148,230000.0,52.40091942
1149,ml_line_1149,230000.0,116.52581342
1150,ml_line_1150,230000.0,129.24830892
1151,ml_line_1151,230000.0,13.47970234
1152,ml_line_1152,230000.0,264.48516145
1153,ml_line_1153,230000.0,93.9122487
1154,ml_line_1154,230000.0,21.52810589
1155,ml_line_1155,230000.0,69.0903853
1156,ml_line_1156,230000.0,18.18107454
1157,ml_line_1157,230000.0,8.67725171
1158,ml_line_1158,230000.0,87.56826374
1159,ml_line_1159,230000.0,30.52115164
1160,ml_line_1160,525000.0,203.43002342
1161,ml_line_1161,230000.0,10.03708099
1162,ml_line_1162,230000.0,116.15120258
1163,ml_line_1163,440000.0,28.52500208
1164,ml_line_1164,345000.0,30.21880723
1165,ml_line_1165,500000.0,67.3592822
1166,ml_line_1166,230000.0,172.62652252
1167,ml_line_1167,230000.0,64.87370692
1168,ml_line_1168,440000.0,165.9575303
1169,ml_line_1169,500000.0,31.92200141
1170,ml_line_1170,500000.0,8.82144393
1171,ml_line_1171,230000.0,7.78707032
1172,ml_line_1172,345000.0,215.29148699
1173,ml_line_1173,345000.0,180.83544687
1174,ml_line_1174,230000.0,22.60893647
1175,ml_line_1175,345000.0,60.97966666
1176,ml_line_1176,345000.0,31.89845115
1177,ml_line_1177,230000.0,2.22208791
1178,ml_line_1178,230000.0,84.45080962
1179,ml_line_1179,230000.0,51.04315662
1180,ml_line_1180,500000.0,104.09498032
1181,ml_line_1181,345000.0,81.4280122
1182,ml_line_1182,230000.0,0.38152157
1183,ml_line_1183,230000.0,25.54761396
1184,ml_line_1184,500000.0,199.22593489
1185,ml_line_1185,500000.0,87.2873008
1186,ml_line_1186,230000.0,25.690123
1187,ml_line_1187,230000.0,199.02661092
1188,ml_line_1188,440000.0,23.3151204
1189,ml_line_1189,500000.0,56.49365614
1190,ml_line_1190,230000.0,50.40666096
1191,ml_line_1191,230000.0,118.39066521
1192,ml_line_1192,230000.0,139.77300778
1193,ml_line_1193,230000.0,12.65324072
1194,ml_line_1194,500000.0,6.25288297
1195,ml_line_1195,230000.0,10.0488092
1196,ml_line_1196,345000.0,22.48183745
1197,ml_line_1197,500000.0,0.74752923
1198,ml_line_1198,230000.0,0.04545122
1199,ml_line_1199,230000.0,1.69114824
1200,ml_line_1200,525000.0,56.67632999
1201,ml_line_1201,230000.0,28.77330728
1202,ml_line_1202,500000.0,94.9635379
1203,ml_line_1203,500000.0,94.9635379
1204,ml_line_1204,230000.0,28.82003111
1205,ml_line_1205,500000.0,356.88576921
1206,ml_line_1206,230000.0,34.65116747
1207,ml_line_1207,230000.0,10.05727679
1208,ml_line_1208,230000.0,9.3245624
1209,ml_line_1209,230000.0,27.92451382
1210,ml_line_1210,230000.0,0.30940032
1211,ml_line_1211,230000.0,32.67128737
1212,ml_line_1212,440000.0,43.88131608
1213,ml_line_1213,230000.0,11.62898526
1214,ml_line_1214,230000.0,77.17887426
1215,ml_line_1215,230000.0,30.69290989
1216,ml_line_1216,230000.0,145.16826835
1217,ml_line_1217,230000.0,13.74699893
1218,ml_line_1218,440000.0,10.76223743
1219,ml_line_1219,500000.0,26.54617658
1220,ml_line_1220,440000.0,142.40690944
1221,ml_line_1221,230000.0,187.86001823
1222,ml_line_1222,230000.0,102.56151855
1223,ml_line_1223,230000.0,37.07190135
1224,ml_line_1224,230000.0,50.94384172
1225,ml_line_1225,230000.0,156.39865644
1226,ml_line_1226,500000.0,214.33756572
1227,ml_line_1227,230000.0,13.10425636
1228,ml_line_1228,525000.0,50.61619706
1229,ml_line_1229,500000.0,14.76455606
1230,ml_line_1230,230000.0,65.98098138
1231,ml_line_1231,500000.0,230.73985328
1232,ml_line_1232,500000.0,62.36697424
1233,ml_line_1233,500000.0,2.05063289
1234,ml_line_1234,500000.0,1.53189723
1235,ml_line_1235,230000.0,0.11469994
1236,ml_line_1236,345000.0,5.11699692
1237,ml_line_1237,345000.0,151.84608928
1238,ml_line_1238,230000.0,14.83790028
1239,ml_line_1239,230000.0,138.5069085
1240,ml_line_1240,230000.0,86.07979387
1241,ml_line_1241,500000.0,265.13699988
1242,ml_line_1242,230000.0,137.05055223
1243,ml_line_1243,230000.0,137.05055223
1244,ml_line_1244,230000.0,64.33315451
1245,ml_line_1245,230000.0,36.07643663
1246,ml_line_1246,230000.0,136.42683681
1247,ml_line_1247,500000.0,219.2745656
1248,ml_line_1248,230000.0,17.73607359
1249,ml_line_1249,230000.0,21.23438753
1250,ml_line_1250,230000.0,1.53666254
1251,ml_line_1251,230000.0,195.98717069
1252,ml_line_1252,525000.0,91.92444812
1253,ml_line_1253,345000.0,75.46653613
1254,ml_line_1254,230000.0,0.03615813
1255,ml_line_1255,500000.0,55.19084747
1256,ml_line_1256,500000.0,243.08526739
1257,ml_line_1257,230000.0,13.63157097
1258,ml_line_1258,345000.0,21.07490555
1259,ml_line_1259,500000.0,322.1241471
1260,ml_line_1260,230000.0,46.43492138
1261,ml_line_1261,230000.0,59.41336087
1262,ml_line_1262,525000.0,117.05182397
1263,ml_line_1263,345000.0,103.18884266
1264,ml_line_1264,230000.0,114.41736605
1265,ml_line_1265,345000.0,255.50999643
1266,ml_line_1266,230000.0,120.34944121
1267,ml_line_1267,230000.0,3.40681143
1268,ml_line_1268,230000.0,161.60668588
1269,ml_line_1269,500000.0,258.01426637
1270,ml_line_1270,500000.0,189.48263661
1271,ml_line_1271,230000.0,23.48121257
1272,ml_line_1272,525000.0,166.99921352
1273,ml_line_1273,500000.0,245.41410654
1274,ml_line_1274,230000.0,51.44969494
1275,ml_line_1275,230000.0,147.59073169
1276,ml_line_1276,500000.0,255.34809618
1277,ml_line_1277,500000.0,39.40158312
1278,ml_line_1278,230000.0,0.05420173
1279,ml_line_1279,500000.0,83.271066
1280,ml_line_1280,500000.0,140.73152724
1281,ml_line_1281,230000.0,73.44818668
1282,ml_line_1282,500000.0,222.51031416
1283,ml_line_1283,500000.0,293.66814975
1284,ml_line_1284,230000.0,2.01605511
1285,ml_line_1285,345000.0,0.75923733
1286,ml_line_1286,230000.0,3.49909587
1287,ml_line_1287,230000.0,0.63501375
1288,ml_line_1288,230000.0,23.60644029
1289,ml_line_1289,230000.0,106.77292482
1290,ml_line_1290,230000.0,13.51148704
1291,ml_line_1291,230000.0,16.00095398
1292,ml_line_1292,230000.0,100.03502596
1293,ml_line_1293,230000.0,48.13729362
1294,ml_line_1294,230000.0,12.19657325
1295,ml_line_1295,230000.0,1.53035568
1296,ml_line_1296,69000.0,6.0855559
1297,ml_line_1297,440000.0,103.92875165
1298,ml_line_1298,500000.0,259.66943165
1299,ml_line_1299,230000.0,111.18865712
1300,ml_line_1300,230000.0,3.22652434
1301,ml_line_1301,230000.0,146.89368558
1302,ml_line_1302,230000.0,0.72543087
1303,ml_line_1303,500000.0,0.70043492
1304,ml_line_1304,230000.0,32.46132019
1305,ml_line_1305,500000.0,196.40219781
1306,ml_line_1306,500000.0,9.3416132
1307,ml_line_1307,230000.0,94.90484163
1308,ml_line_1308,500000.0,69.6195468
1309,ml_line_1309,230000.0,49.55353709
1310,ml_line_1310,230000.0,9.99958171
1311,ml_line_1311,525000.0,60.71556954
1312,ml_line_1312,525000.0,10.91739224
1313,ml_line_1313,345000.0,34.82698336
1314,ml_line_1314,230000.0,87.51099385
1315,ml_line_1315,345000.0,104.34850911
1316,ml_line_1316,230000.0,44.2889626
1317,ml_line_1317,230000.0,50.09637375
1318,ml_line_1318,440000.0,9.17122264
1319,ml_line_1319,500000.0,237.31689866
1320,ml_line_1320,230000.0,5.64537926
1321,ml_line_1321,230000.0,29.24054738
1322,ml_line_1322,230000.0,66.62157434
1323,ml_line_1323,500000.0,173.26270825
1324,ml_line_1324,500000.0,165.92404108
1325,ml_line_1325,345000.0,55.12620555
1326,ml_line_1326,230000.0,7.43690282
1327,ml_line_1327,230000.0,72.028657
1328,ml_line_1328,230000.0,199.23334357
1329,ml_line_1329,230000.0,16.29206073
1330,ml_line_1330,500000.0,1.50546743
1331,ml_line_1331,230000.0,13.53873612
1332,ml_line_1332,230000.0,6.81569989
1333,ml_line_1333,230000.0,59.45362783
1334,ml_line_1334,230000.0,49.05887109
1335,ml_line_1335,230000.0,51.6622753
1336,ml_line_1336,230000.0,105.59630826
1337,ml_line_1337,500000.0,187.60506256
1338,ml_line_1338,500000.0,297.77184666
1339,ml_line_1339,500000.0,174.77848872
1340,ml_line_1340,230000.0,99.11703618
1341,ml_line_1341,230000.0,19.76266166
1342,ml_line_1342,230000.0,122.42758251
1343,ml_line_1343,525000.0,136.93492403
1344,ml_line_1344,500000.0,332.35047507
1345,ml_line_1345,230000.0,52.79291436
1346,ml_line_1346,440000.0,165.82615875
1347,ml_line_1347,345000.0,14.41004658
1348,ml_line_1348,500000.0,13.76510965
1349,ml_line_1349,230000.0,28.35623673
1350,ml_line_1350,500000.0,182.31928092
1351,ml_line_1351,230000.0,30.32208278
1352,ml_line_1352,230000.0,8.30728318
1353,ml_line_1353,230000.0,50.18199034
1354,ml_line_1354,230000.0,40.47296801
1355,ml_line_1355,230000.0,0.17348241
1356,ml_line_1356,230000.0,58.99716915
1357,ml_line_1357,230000.0,31.23377916
1358,ml_line_1358,345000.0,59.02683091
1359,ml_line_1359,230000.0,23.25377914
1360,ml_line_1360,500000.0,64.64229336
1361,ml_line_1361,230000.0,100.38983893
1362,ml_line_1362,230000.0,30.63403316
1363,ml_line_1363,500000.0,0.93494962
1364,ml_line_1364,230000.0,32.34701558
1365,ml_line_1365,230000.0,1.68760998
1366,ml_line_1366,230000.0,79.89040538
1367,ml_line_1367,500000.0,26.65160984
1368,ml_line_1368,345000.0,199.03448023
1369,ml_line_1369,230000.0,66.9105274
1370,ml_line_1370,230000.0,221.72320121
1371,ml_line_1371,230000.0,14.63283068
1372,ml_line_1372,500000.0,172.06972995
1373,ml_line_1373,440000.0,17.98148092
1374,ml_line_1374,230000.0,217.05652444
1375,ml_line_1375,230000.0,12.33808031
1376,ml_line_1376,230000.0,0.06668382
1377,ml_line_1377,345000.0,167.03755627
1378,ml_line_1378,230000.0,5.5015259
1379,ml_line_1379,230000.0,5.47152035
1380,ml_line_1380,230000.0,13.99741798
1381,ml_line_1381,230000.0,4.96030254
1382,ml_line_1382,230000.0,53.2062586
1383,ml_line_1383,500000.0,173.67935586
1384,ml_line_1384,230000.0,29.59511262
1385,ml_line_1385,230000.0,136.05393743
1386,ml_line_1386,230000.0,11.94720057
1387,ml_line_1387,230000.0,185.52817156
1388,ml_line_1388,230000.0,100.24560456
1389,ml_line_1389,525000.0,222.42491679
1390,ml_line_1390,230000.0,1.76089201
1391,ml_line_1391,230000.0,74.20512717
1392,ml_line_1392,230000.0,68.01235487
1393,ml_line_1393,230000.0,0.77084684
1394,ml_line_1394,230000.0,8.07305102
1395,ml_line_1395,500000.0,2.15745027
1396,ml_line_1396,230000.0,0.28881071
1397,ml_line_1397,345000.0,8.40939325
1398,ml_line_1398,345000.0,4.03931427
1399,ml_line_1399,500000.0,345.25645234
1400,ml_line_1400,230000.0,0.14322519
1401,ml_line_1401,230000.0,167.34317288
1402,ml_line_1402,230000.0,19.92996407
1403,ml_line_1403,230000.0,49.16408769
1404,ml_line_1404,230000.0,69.56329884
1405,ml_line_1405,500000.0,6.26592823
1406,ml_line_1406,230000.0,42.53528446
1407,ml_line_1407,500000.0,367.96330654
1408,ml_line_1408,230000.0,128.51176947
1409,ml_line_1409,230000.0,17.1216892
1410,ml_line_1410,230000.0,32.46513618
1411,ml_line_1411,230000.0,65.92977875
1412,ml_line_1412,230000.0,5.11801649
1413,ml_line_1413,230000.0,82.08797624
1414,ml_line_1414,230000.0,25.73995732
1415,ml_line_1415,500000.0,73.62828402
1416,ml_line_1416,525000.0,307.50763085
1417,ml_line_1417,440000.0,137.64307222
1418,ml_line_1418,345000.0,184.82003575
1419,ml_line_1419,230000.0,133.20792657
1420,ml_line_1420,230000.0,138.06888259
1421,ml_line_1421,230000.0,0.46523519
1422,ml_line_1422,230000.0,4.18597569
1423,ml_line_1423,345000.0,5.90246929
1424,ml_line_1424,230000.0,11.97434938
1425,ml_line_1425,230000.0,0.57973986
1426,ml_line_1426,230000.0,5.70949757
1427,ml_line_1427,345000.0,33.34746768
1428,ml_line_1428,230000.0,201.91644309
1429,ml_line_1429,230000.0,82.60304412
1430,ml_line_1430,230000.0,65.27942231
1431,ml_line_1431,500000.0,132.6480466
1432,ml_line_1432,230000.0,93.06791544
1433,ml_line_1433,230000.0,22.57138665
1434,ml_line_1434,230000.0,85.90875687
1435,ml_line_1435,230000.0,13.66576075
1436,ml_line_1436,230000.0,36.10622366
1437,ml_line_1437,230000.0,36.10622366
1438,ml_line_1438,230000.0,36.10622366
1439,ml_line_1439,230000.0,36.10622366
1440,ml_line_1440,230000.0,21.23602946
1441,ml_line_1441,500000.0,0.48790171
1442,ml_line_1442,500000.0,208.49797137
1443,ml_line_1443,230000.0,49.05796588
1444,ml_line_1444,345000.0,21.35174901
1445,ml_line_1445,345000.0,26.26037202
1446,ml_line_1446,230000.0,111.10870229
1447,ml_line_1447,500000.0,174.99930556
1448,ml_line_1448,230000.0,7.43847029
1449,ml_line_1449,230000.0,106.39773559
1450,ml_line_1450,525000.0,186.87944003
1451,ml_line_1451,230000.0,130.47544319
1452,ml_line_1452,230000.0,3.79116724
1453,ml_line_1453,500000.0,97.81906889
1454,ml_line_1454,230000.0,74.48799737
1455,ml_line_1455,230000.0,67.61022086
1456,ml_line_1456,230000.0,31.63539104
1457,ml_line_1457,230000.0,75.55794253
1458,ml_line_1458,500000.0,222.75351254
1459,ml_line_1459,230000.0,31.88706546
1460,ml_line_1460,230000.0,26.80542733
1461,ml_line_1461,230000.0,0.52953677
1462,ml_line_1462,230000.0,6.21197311
1463,ml_line_1463,230000.0,6.2055262
1464,ml_line_1464,230000.0,6.19207282
1465,ml_line_1465,230000.0,0.10680244
1466,ml_line_1466,230000.0,0.10438842
1467,ml_line_1467,230000.0,0.10471064
1468,ml_line_1468,230000.0,64.28146497
1469,ml_line_1469,345000.0,0.98242333
1470,ml_line_1470,345000.0,0.72601004
1471,ml_line_1471,345000.0,24.11710767
1472,ml_line_1472,345000.0,182.21802784
1473,ml_line_1473,345000.0,182.24960605
1474,ml_line_1474,345000.0,89.31500909
1475,ml_line_1475,500000.0,106.14350969
1476,ml_line_1476,345000.0,0.49875659
1477,ml_line_1477,500000.0,342.56948228
1478,ml_line_1478,500000.0,228.72737285
1479,ml_line_1479,500000.0,228.67627639
1480,ml_line_1480,345000.0,90.05906419
1481,ml_line_1481,345000.0,90.01609583
1482,ml_line_1482,345000.0,38.55680616
1483,ml_line_1483,230000.0,93.50750422
1484,ml_line_1484,230000.0,106.77202533
1485,ml_line_1485,500000.0,45.99253925
1486,ml_line_1486,440000.0,228.16520422
1487,ml_line_1487,230000.0,75.63691
1488,ml_line_1488,345000.0,90.73462034
1489,ml_line_1489,230000.0,36.18066675
1490,ml_line_1490,500000.0,0.08467033
1491,ml_line_1491,500000.0,0.08647755
1492,ml_line_1492,230000.0,89.38853729
1493,ml_line_1493,230000.0,89.40935564
1494,ml_line_1494,230000.0,1.28131131
1495,ml_line_1495,230000.0,61.206633
1496,ml_line_1496,230000.0,17.584193
1497,ml_line_1497,230000.0,345.45968796
1498,ml_line_1498,230000.0,345.40453855
1499,ml_line_1499,230000.0,25.8626984
1500,ml_line_1500,230000.0,14.01091567
1501,ml_line_1501,230000.0,6.02414081
1502,ml_line_1502,230000.0,3.81561825
1503,ml_line_1503,230000.0,3.74457978
1504,ml_line_1504,230000.0,112.35932
1505,ml_line_1505,345000.0,123.95742696
1506,ml_line_1506,345000.0,123.88288625
1507,ml_line_1507,230000.0,0.75954104
1508,ml_line_1508,230000.0,14.72419242
1509,ml_line_1509,230000.0,91.92586512
1510,ml_line_1510,230000.0,23.38286756
1511,ml_line_1511,230000.0,71.12621484
1512,ml_line_1512,230000.0,46.10156973
1513,ml_line_1513,230000.0,81.78914848
1514,ml_line_1514,230000.0,44.34921759
1515,ml_line_1515,500000.0,166.48721794
1516,ml_line_1516,230000.0,117.395032
1517,ml_line_1517,230000.0,38.559215
1518,ml_line_1518,500000.0,57.53700716
1519,ml_line_1519,230000.0,66.81529615
1520,ml_line_1520,230000.0,64.49416447
1521,ml_line_1521,230000.0,112.83610063
1522,ml_line_1522,230000.0,166.25660251
1523,ml_line_1523,500000.0,250.03546882
1524,ml_line_1524,230000.0,236.95668639
1525,ml_line_1525,440000.0,163.23956903
1526,ml_line_1526,440000.0,146.1628369
1527,ml_line_1527,230000.0,103.95172619
1528,ml_line_1528,345000.0,50.94076159
1529,ml_line_1529,345000.0,26.82377963
1530,ml_line_1530,345000.0,35.54804481
1531,ml_line_1531,440000.0,178.22227691
1532,ml_line_1532,440000.0,146.8200358
1533,ml_line_1533,440000.0,178.2954925
1534,ml_line_1534,440000.0,146.89392736
1535,ml_line_1535,230000.0,72.34554036
1536,ml_line_1536,230000.0,12.10840528
1537,ml_line_1537,500000.0,217.70793128
1538,ml_line_1538,500000.0,222.18940709
1539,ml_line_1539,230000.0,12.29937619
1540,ml_line_1540,230000.0,1.13397652
1541,ml_line_1541,230000.0,1.02079885
1542,ml_line_1542,500000.0,218.11950443
1543,ml_line_1543,500000.0,328.68733533
1544,ml_line_1544,500000.0,145.07515684
1545,ml_line_1545,500000.0,130.38966042
1546,ml_line_1546,500000.0,111.36413468
1547,ml_line_1547,230000.0,85.55884057
1548,ml_line_1548,500000.0,5.27207922
1549,ml_line_1549,500000.0,5.26906757
1550,ml_line_1550,230000.0,19.99508679
1551,ml_line_1551,525000.0,144.87723245
1552,ml_line_1552,230000.0,88.40298817
1553,ml_line_1553,230000.0,64.02108357
1554,ml_line_1554,230000.0,65.18295574
1555,ml_line_1555,230000.0,35.90970798
1556,ml_line_1556,230000.0,23.94356077
1557,ml_line_1557,230000.0,3.57748223
1558,ml_line_1558,230000.0,7.05939722
1559,ml_line_1559,230000.0,16.83149027
1560,ml_line_1560,230000.0,50.82976241
1561,ml_line_1561,230000.0,67.10497254
1562,ml_line_1562,230000.0,147.55997509
1563,ml_line_1563,230000.0,96.17257424
1564,ml_line_1564,230000.0,5.20090835
1565,ml_line_1565,230000.0,51.88150344
1566,ml_line_1566,230000.0,20.7054789
1567,ml_line_1567,440000.0,48.92481655
1568,ml_line_1568,440000.0,188.22774204
1569,ml_line_1569,230000.0,33.19548385
1570,ml_line_1570,230000.0,24.56081729
1571,ml_line_1571,230000.0,344.5377995
1572,ml_line_1572,230000.0,11.12317975
1573,ml_line_1573,230000.0,5.00391613
1574,ml_line_1574,500000.0,375.05247881
1575,ml_line_1575,500000.0,137.45266073
1576,ml_line_1576,500000.0,119.38466619
1577,ml_line_1577,230000.0,124.47721225
1578,ml_line_1578,230000.0,96.63454536
1579,ml_line_1579,525000.0,151.76707164
1580,ml_line_1580,230000.0,117.7851573
1581,ml_line_1581,230000.0,104.25342548
1582,ml_line_1582,230000.0,23.7466732
1583,ml_line_1583,230000.0,12.77651478
1584,ml_line_1584,500000.0,124.57573617
1585,ml_line_1585,500000.0,315.26506402
1586,ml_line_1586,230000.0,21.55165494
1587,ml_line_1587,230000.0,21.52803494
1588,ml_line_1588,230000.0,20.74679423
1589,ml_line_1589,230000.0,20.85514153
1590,ml_line_1590,230000.0,123.16031775
1591,ml_line_1591,230000.0,47.60388941
1592,ml_line_1592,230000.0,30.54169314
1593,ml_line_1593,230000.0,88.43544395
1594,ml_line_1594,525000.0,152.20118036
1595,ml_line_1595,500000.0,238.30288066
1596,ml_line_1596,500000.0,314.23013005
1597,ml_line_1597,500000.0,253.25285558
1598,ml_line_1598,230000.0,72.89620868
1599,ml_line_1599,230000.0,1.7409802
1600,ml_line_1600,230000.0,112.54719765
1601,ml_line_1601,230000.0,110.80397221
1602,ml_line_1602,230000.0,233.11185568
1603,ml_line_1603,230000.0,233.01255192
1604,ml_line_1604,230000.0,187.26995595
1605,ml_line_1605,230000.0,187.26224803
1606,ml_line_1606,230000.0,128.95999128
1607,ml_line_1607,230000.0,177.61682337
1608,ml_line_1608,230000.0,187.34472168
1609,ml_line_1609,230000.0,112.07127245
1610,ml_line_1610,500000.0,144.12633865
1611,ml_line_1611,500000.0,126.7578193
1612,ml_line_1612,500000.0,164.37435608
1613,ml_line_1613,500000.0,19.45586064
1614,ml_line_1614,230000.0,107.66636628
1615,ml_line_1615,230000.0,156.99757541
1616,ml_line_1616,230000.0,0.99881335
1617,ml_line_1617,230000.0,1.02887592
1618,ml_line_1618,230000.0,3.44489019
1619,ml_line_1619,500000.0,110.10040515
1620,ml_line_1620,230000.0,37.26199197
1621,ml_line_1621,230000.0,27.14607161
1622,ml_line_1622,230000.0,27.12663285
1623,ml_line_1623,230000.0,34.44498256
1624,ml_line_1624,500000.0,275.15862322
1625,ml_line_1625,500000.0,111.20865781
1626,ml_line_1626,500000.0,222.82803639
1627,ml_line_1627,500000.0,25.69709903
1628,ml_line_1628,230000.0,89.19647572
1629,ml_line_1629,230000.0,16.28642985
1630,ml_line_1630,230000.0,21.7782307
1631,ml_line_1631,500000.0,298.03726927
1632,ml_line_1632,500000.0,329.83781627
1633,ml_line_1633,500000.0,336.9848268
1634,ml_line_1634,500000.0,176.98636336
1635,ml_line_1635,230000.0,149.64184331
1636,ml_line_1636,230000.0,101.3859455
1637,ml_line_1637,230000.0,64.14737497
1638,ml_line_1638,230000.0,65.94886212
1639,ml_line_1639,230000.0,15.28317785
1640,ml_line_1640,230000.0,17.90720082
1641,ml_line_1641,500000.0,180.28170481
1642,ml_line_1642,345000.0,104.26065688
1643,ml_line_1643,345000.0,102.70066407
1644,ml_line_1644,230000.0,33.82607327
1645,ml_line_1645,230000.0,14.37651607
1646,ml_line_1646,230000.0,165.01406578
1647,ml_line_1647,230000.0,22.12156684
1648,ml_line_1648,500000.0,99.59899488
1649,ml_line_1649,230000.0,52.70106082
1650,ml_line_1650,230000.0,91.59309438
1651,ml_line_1651,525000.0,39.84081866
1652,ml_line_1652,525000.0,72.33082453
1653,ml_line_1653,525000.0,236.77845162
1654,ml_line_1654,500000.0,301.15095215
1655,ml_line_1655,500000.0,375.29109443
1656,ml_line_1656,500000.0,315.18418977
1657,ml_line_1657,500000.0,371.44242533
1658,ml_line_1658,230000.0,49.68630458
1659,ml_line_1659,230000.0,61.09462119
1660,ml_line_1660,525000.0,273.85193771
1661,ml_line_1661,525000.0,273.78006362
1662,ml_line_1662,230000.0,7.2741085
1663,ml_line_1663,230000.0,6.03957991
1664,ml_line_1664,230000.0,5.98780469
1665,ml_line_1665,230000.0,27.63548789
1666,ml_line_1666,230000.0,10.34132197
1667,ml_line_1667,230000.0,29.34114984
1668,ml_line_1668,230000.0,3.90845699
1669,ml_line_1669,525000.0,166.79619111
1670,ml_line_1670,525000.0,101.74577186
1671,ml_line_1671,525000.0,165.35789025
1672,ml_line_1672,230000.0,122.58572818
1673,ml_line_1673,230000.0,5.63107954
1674,ml_line_1674,230000.0,17.59206576
1675,ml_line_1675,230000.0,17.59206576
1676,ml_line_1676,525000.0,92.11202236
1677,ml_line_1677,230000.0,62.42235024
1678,ml_line_1678,230000.0,209.47031187
1679,ml_line_1679,230000.0,64.58098965
1680,ml_line_1680,500000.0,110.5371018
1681,ml_line_1681,230000.0,132.76704673
1682,ml_line_1682,500000.0,413.30104565
1683,ml_line_1683,500000.0,413.33084424
1684,ml_line_1684,500000.0,86.46409363
1685,ml_line_1685,500000.0,63.44868748
1686,ml_line_1686,230000.0,58.96335445
1687,ml_line_1687,230000.0,58.96335445
1688,ml_line_1688,500000.0,219.02214059
1689,ml_line_1689,230000.0,12.29445108
1690,ml_line_1690,230000.0,14.79548345
1691,ml_line_1691,230000.0,1.15708
1692,ml_line_1692,230000.0,1.153272
1693,ml_line_1693,500000.0,371.54608326
1694,ml_line_1694,230000.0,118.7780237
1695,ml_line_1695,230000.0,63.76167875
1696,ml_line_1696,230000.0,6.68036685
1697,ml_line_1697,230000.0,17.66454149
1698,ml_line_1698,230000.0,5.57793935
1699,ml_line_1699,230000.0,21.00945784
1700,ml_line_1700,230000.0,17.62200411
1701,ml_line_1701,440000.0,37.07057421
1702,ml_line_1702,230000.0,28.04596607
1703,ml_line_1703,500000.0,15.003816
1704,ml_line_1704,525000.0,48.18409544
1705,ml_line_1705,230000.0,71.98541234
1706,ml_line_1706,500000.0,64.01037785
1707,ml_line_1707,500000.0,63.97745758
1708,ml_line_1708,230000.0,17.59946218
1709,ml_line_1709,525000.0,47.95199023
1710,ml_line_1710,230000.0,74.57121591
1711,ml_line_1711,230000.0,12.12052962
