new_bus_id,epe_bus_id,new_station_id,epe_station_id,voltage_V,lon,lat
0,ml_st_0_525,0,ml_st_0,525000.0,-51.07219306,-27.57180736
1,ml_st_0_230,0,ml_st_0,230000.0,-51.07219306,-27.57180736
2,ml_st_1_230,1,ml_st_1,230000.0,-65.16752247,-9.71103552
3,ml_st_1_138,1,ml_st_1,138000.0,-65.16752247,-9.71103552
4,ml_st_2_500,2,ml_st_2,500000.0,-47.403437,-4.91898605
5,ml_st_3_230,3,ml_st_3,230000.0,-40.11407421,-2.92766239
6,ml_st_3_69,3,ml_st_3,69000.0,-40.11407421,-2.92766239
7,ml_st_4_230,4,ml_st_4,230000.0,-36.90839717,-5.59277794
8,ml_st_4_138,4,ml_st_4,138000.0,-36.90839717,-5.59277794
9,ml_st_4_69,4,ml_st_4,69000.0,-36.90839717,-5.59277794
10,ml_st_5_500,5,ml_st_5,500000.0,-37.02968156,-5.57882845
11,ml_st_5_230,5,ml_st_5,230000.0,-37.02968156,-5.57882845
12,ml_st_6_500,6,ml_st_6,500000.0,-43.47633645,-22.66579527
13,ml_st_6_345,6,ml_st_6,345000.0,-43.47633645,-22.66579527
14,ml_st_6_138,6,ml_st_6,138000.0,-43.47633645,-22.66579527
15,ml_st_7_440,7,ml_st_7,440000.0,-46.40137444,-23.37504985
16,ml_st_7_138,7,ml_st_7,138000.0,-46.40137444,-23.37504985
17,ml_st_8_500,8,ml_st_8,500000.0,-50.348877,-19.860901
18,ml_st_8_440,8,ml_st_8,440000.0,-50.348877,-19.860901
19,ml_st_8_138,8,ml_st_8,138000.0,-50.348877,-19.860901
20,ml_st_9_230,9,ml_st_9,230000.0,-48.27570866,-15.76753517
21,ml_st_9_69,9,ml_st_9,69000.0,-48.27570866,-15.76753517
22,ml_st_10_230,10,ml_st_10,230000.0,-55.72481046,-29.77749996
23,ml_st_10_69,10,ml_st_10,69000.0,-55.72481046,-29.77749996
24,ml_st_11_230,11,ml_st_11,230000.0,-52.17962128,-3.13688171
25,ml_st_11_69,11,ml_st_11,69000.0,-52.17962128,-3.13688171
26,ml_st_12_230,12,ml_st_12,230000.0,-55.84166709,-20.56760084
27,ml_st_12_138,12,ml_st_12,138000.0,-55.84166709,-20.56760084
28,ml_st_13_230,13,ml_st_13,230000.0,-50.19299229,-23.07730931
29,ml_st_13_138,13,ml_st_13,138000.0,-50.19299229,-23.07730931
30,ml_st_14_230,14,ml_st_14,230000.0,-36.29460629,-8.89344329
31,ml_st_14_69,14,ml_st_14,69000.0,-36.29460629,-8.89344329
32,ml_st_15_500,15,ml_st_15,500000.0,-44.45594721,-23.00690292
33,ml_st_15_138,15,ml_st_15,138000.0,-44.45594721,-23.00690292
34,ml_st_16_345,16,ml_st_16,345000.0,-46.76829923,-23.4931605
35,ml_st_16_230,16,ml_st_16,230000.0,-46.76829923,-23.4931605
36,ml_st_16_88,16,ml_st_16,88000.0,-46.76829923,-23.4931605
37,ml_st_17_230,17,ml_st_17,230000.0,-45.2550133,-22.86910151
38,ml_st_17_88,17,ml_st_17,88000.0,-45.2550133,-22.86910151
39,ml_st_18_230,18,ml_st_18,230000.0,-51.44679836,-23.53451958
40,ml_st_18_138,18,ml_st_18,138000.0,-51.44679836,-23.53451958
41,ml_st_19_230,19,ml_st_19,230000.0,-37.76327093,-4.48815009
42,ml_st_20_230,20,ml_st_20,230000.0,-42.02005542,-16.83429287
43,ml_st_20_138,20,ml_st_20,138000.0,-42.02005542,-16.83429287
44,ml_st_21_230,21,ml_st_21,230000.0,-36.64958945,-9.78688035
45,ml_st_21_69,21,ml_st_21,69000.0,-36.64958945,-9.78688035
46,ml_st_22_440,22,ml_st_22,440000.0,-48.26392,-21.782681
47,ml_st_22_138,22,ml_st_22,138000.0,-48.26392,-21.782681
48,ml_st_23_500,23,ml_st_23,500000.0,-48.25342601,-21.77400103
49,ml_st_24_500,24,ml_st_24,500000.0,-48.34966944,-21.83356413
50,ml_st_24_440,24,ml_st_24,440000.0,-48.34966944,-21.83356413
51,ml_st_25_440,25,ml_st_25,440000.0,-47.461887,-22.395742
52,ml_st_25_138,25,ml_st_25,138000.0,-47.461887,-22.395742
53,ml_st_26_230,26,ml_st_26,230000.0,-37.00373269,-8.49920029
54,ml_st_26_69,26,ml_st_26,69000.0,-37.00373269,-8.49920029
55,ml_st_27_525,27,ml_st_27,525000.0,-51.600344,-25.969181
56,ml_st_27_230,27,ml_st_27,230000.0,-51.600344,-25.969181
57,ml_st_27_138,27,ml_st_27,138000.0,-51.600344,-25.969181
58,ml_st_28_230,28,ml_st_28,230000.0,-63.01232074,-9.92635945
59,ml_st_28_69,28,ml_st_28,69000.0,-63.01232074,-9.92635945
60,ml_st_29_500,29,ml_st_29,500000.0,-50.35067744,-22.66873485
61,ml_st_29_440,29,ml_st_29,440000.0,-50.35067744,-22.66873485
62,ml_st_29_230,29,ml_st_29,230000.0,-50.35067744,-22.66873485
63,ml_st_30_345,30,ml_st_30,345000.0,-46.55733825,-23.04707409
64,ml_st_30_138,30,ml_st_30,138000.0,-46.55733825,-23.04707409
65,ml_st_31_230,31,ml_st_31,230000.0,-50.05462646,-29.78240967
66,ml_st_31_69,31,ml_st_31,69000.0,-50.05462646,-29.78240967
67,ml_st_32_230,32,ml_st_32,230000.0,-48.932903,-23.06260683
68,ml_st_33_230,33,ml_st_33,230000.0,-43.441603,-19.853037
69,ml_st_34_230,34,ml_st_34,230000.0,-54.07140261,-31.28880287
70,ml_st_34_69,34,ml_st_34,69000.0,-54.07140261,-31.28880287
71,ml_st_35_345,35,ml_st_35,345000.0,-46.42041,-23.859619
72,ml_st_35_230,35,ml_st_35,230000.0,-46.42041,-23.859619
73,ml_st_35_138,35,ml_st_35,138000.0,-46.42041,-23.859619
74,ml_st_35_88,35,ml_st_35,88000.0,-46.42041,-23.859619
75,ml_st_36_230,36,ml_st_36,230000.0,-59.47998851,-1.91960684
76,ml_st_37_230,37,ml_st_37,230000.0,-46.01802629,-7.55938293
77,ml_st_37_69,37,ml_st_37,69000.0,-46.01802629,-7.55938293
78,ml_st_38_345,38,ml_st_38,345000.0,-46.69224337,-23.59887274
79,ml_st_38_88,38,ml_st_38,88000.0,-46.69224337,-23.59887274
80,ml_st_39_345,39,ml_st_39,345000.0,-49.23377755,-16.79311347
81,ml_st_39_230,39,ml_st_39,230000.0,-49.23377755,-16.79311347
82,ml_st_40_345,40,ml_st_40,345000.0,-43.75477339,-21.18575055
83,ml_st_40_138,40,ml_st_40,138000.0,-43.75477339,-21.18575055
84,ml_st_41_230,41,ml_st_41,230000.0,-52.61653602,-16.49557387
85,ml_st_41_138,41,ml_st_41,138000.0,-52.61653602,-16.49557387
86,ml_st_42_230,42,ml_st_42,230000.0,-51.18445501,-27.76904745
87,ml_st_43_230,43,ml_st_43,230000.0,-44.946594,-12.134399
88,ml_st_43_138,43,ml_st_43,138000.0,-44.946594,-12.134399
89,ml_st_43_69,43,ml_st_43,69000.0,-44.946594,-12.134399
90,ml_st_44_500,44,ml_st_44,500000.0,-44.8106105,-12.17187984
91,ml_st_44_230,44,ml_st_44,230000.0,-44.8106105,-12.17187984
92,ml_st_45_345,45,ml_st_45,345000.0,-43.99137684,-20.0002707
93,ml_st_45_138,45,ml_st_45,138000.0,-43.99137684,-20.0002707
94,ml_st_46_230,46,ml_st_46,230000.0,-48.92546506,-15.11940065
95,ml_st_46_69,46,ml_st_46,69000.0,-48.92546506,-15.11940065
96,ml_st_47_345,47,ml_st_47,345000.0,-43.31799316,-20.43188476
97,ml_st_48_525,48,ml_st_48,525000.0,-49.53264158,-25.41165169
98,ml_st_48_230,48,ml_st_48,230000.0,-49.53264158,-25.41165169
99,ml_st_48_138,48,ml_st_48,138000.0,-49.53264158,-25.41165169
100,ml_st_49_440,49,ml_st_49,440000.0,-49.096008,-22.282776
101,ml_st_49_138,49,ml_st_49,138000.0,-49.096008,-22.282776
102,ml_st_50_525,50,ml_st_50,525000.0,-48.733391,-27.485025
103,ml_st_50_230,50,ml_st_50,230000.0,-48.733391,-27.485025
104,ml_st_50_138,50,ml_st_50,138000.0,-48.733391,-27.485025
105,ml_st_51_525,51,ml_st_51,525000.0,-49.079214,-26.782302
106,ml_st_51_230,51,ml_st_51,230000.0,-49.079214,-26.782302
107,ml_st_51_138,51,ml_st_51,138000.0,-49.079214,-26.782302
108,ml_st_52_500,52,ml_st_52,500000.0,-43.5639584,-6.72389015
109,ml_st_52_230,52,ml_st_52,230000.0,-43.5639584,-6.72389015
110,ml_st_53_230,53,ml_st_53,230000.0,-60.7172411,2.9420675
111,ml_st_53_69,53,ml_st_53,69000.0,-60.7172411,2.9420675
112,ml_st_54_500,54,ml_st_54,500000.0,-45.31068715,-19.79276048
113,ml_st_55_440,55,ml_st_55,440000.0,-46.99019091,-23.15177538
114,ml_st_55_138,55,ml_st_55,138000.0,-46.99019091,-23.15177538
115,ml_st_55_88,55,ml_st_55,88000.0,-46.99019091,-23.15177538
116,ml_st_56_500,56,ml_st_56,500000.0,-43.34340604,-13.30980403
117,ml_st_56_230,56,ml_st_56,230000.0,-43.34340604,-13.30980403
118,ml_st_57_230,57,ml_st_57,230000.0,-44.31174264,-9.1035703
119,ml_st_57_69,57,ml_st_57,69000.0,-44.31174264,-9.1035703
120,ml_st_58_230,58,ml_st_58,230000.0,-38.62754114,-7.997264
121,ml_st_58_138,58,ml_st_58,138000.0,-38.62754114,-7.997264
122,ml_st_58_69,58,ml_st_58,69000.0,-38.62754114,-7.997264
123,ml_st_59_230,59,ml_st_59,230000.0,-34.9281225,-8.06349474
124,ml_st_59_69,59,ml_st_59,69000.0,-34.9281225,-8.06349474
125,ml_st_60_230,60,ml_st_60,230000.0,-48.437622,-22.9505
126,ml_st_60_138,60,ml_st_60,138000.0,-48.437622,-22.9505
127,ml_st_61_230,61,ml_st_61,230000.0,-47.95155162,-15.81254332
128,ml_st_62_500,62,ml_st_62,500000.0,-47.70724246,-15.80962473
129,ml_st_63_345,63,ml_st_63,345000.0,-48.06813669,-15.86248216
130,ml_st_63_230,63,ml_st_63,230000.0,-48.06813669,-15.86248216
131,ml_st_63_138,63,ml_st_63,138000.0,-48.06813669,-15.86248216
132,ml_st_64_230,64,ml_st_64,230000.0,-42.34318352,-12.30847823
133,ml_st_65_230,65,ml_st_65,230000.0,-41.63583333,-14.21361111
134,ml_st_65_138,65,ml_st_65,138000.0,-41.63583333,-14.21361111
135,ml_st_65_69,65,ml_st_65,69000.0,-41.63583333,-14.21361111
136,ml_st_66_230,66,ml_st_66,230000.0,-54.7520149,-20.54726587
137,ml_st_66_138,66,ml_st_66,138000.0,-54.7520149,-20.54726587
138,ml_st_67_440,67,ml_st_67,440000.0,-47.11615813,-23.27746101
139,ml_st_67_230,67,ml_st_67,230000.0,-47.11615813,-23.27746101
140,ml_st_67_138,67,ml_st_67,138000.0,-47.11615813,-23.27746101
141,ml_st_68_230,68,ml_st_68,230000.0,-49.48671463,-18.50273008
142,ml_st_68_138,68,ml_st_68,138000.0,-49.48671463,-18.50273008
143,ml_st_69_500,69,ml_st_69,500000.0,-45.03665837,-22.6298538
144,ml_st_69_138,69,ml_st_69,138000.0,-45.03665837,-22.6298538
145,ml_st_70_230,70,ml_st_70,230000.0,-36.76001044,-8.84376926
146,ml_st_71_500,71,ml_st_71,500000.0,-38.34495997,-12.61902491
147,ml_st_71_230,71,ml_st_71,230000.0,-38.34495997,-12.61902491
148,ml_st_71_69,71,ml_st_71,69000.0,-38.34495997,-12.61902491
149,ml_st_72_500,72,ml_st_72,500000.0,-38.34355571,-12.61772171
150,ml_st_72_230,72,ml_st_72,230000.0,-38.34355571,-12.61772171
151,ml_st_73_230,73,ml_st_73,230000.0,-51.81573231,-30.82792433
152,ml_st_73_69,73,ml_st_73,69000.0,-51.81573231,-30.82792433
153,ml_st_74_230,74,ml_st_74,230000.0,-51.80991742,-30.80930751
154,ml_st_74_69,74,ml_st_74,69000.0,-51.80991742,-30.80930751
155,ml_st_75_500,75,ml_st_75,500000.0,-35.9801361,-7.25324093
156,ml_st_75_230,75,ml_st_75,230000.0,-35.9801361,-7.25324093
157,ml_st_76_230,76,ml_st_76,230000.0,-35.90877836,-7.26670434
158,ml_st_76_138,76,ml_st_76,138000.0,-35.90877836,-7.26670434
159,ml_st_76_69,76,ml_st_76,69000.0,-35.90877836,-7.26670434
160,ml_st_77_500,77,ml_st_77,500000.0,-47.0048767,-22.77366239
161,ml_st_77_345,77,ml_st_77,345000.0,-47.0048767,-22.77366239
162,ml_st_77_138,77,ml_st_77,138000.0,-47.0048767,-22.77366239
163,ml_st_78_230,78,ml_st_78,230000.0,-51.06597425,-29.6939704
164,ml_st_78_69,78,ml_st_78,69000.0,-51.06597425,-29.6939704
165,ml_st_79_230,79,ml_st_79,230000.0,-49.18303718,-25.66840559
166,ml_st_79_138,79,ml_st_79,138000.0,-49.18303718,-25.66840559
167,ml_st_80_230,80,ml_st_80,230000.0,-54.49092128,-20.442094
168,ml_st_80_138,80,ml_st_80,138000.0,-54.49092128,-20.442094
169,ml_st_81_345,81,ml_st_81,345000.0,-41.337445,-21.71847014
170,ml_st_81_138,81,ml_st_81,138000.0,-41.337445,-21.71847014
171,ml_st_82_230,82,ml_st_82,230000.0,-52.36761377,-24.07476567
172,ml_st_82_138,82,ml_st_82,138000.0,-52.36761377,-24.07476567
173,ml_st_83_525,83,ml_st_83,525000.0,-51.4177012,-27.53928362
174,ml_st_83_230,83,ml_st_83,230000.0,-51.4177012,-27.53928362
175,ml_st_83_138,83,ml_st_83,138000.0,-51.4177012,-27.53928362
176,ml_st_84_230,84,ml_st_84,230000.0,-48.140547,-13.399596
177,ml_st_85_230,85,ml_st_85,230000.0,-52.29120698,-13.52447026
178,ml_st_85_138,85,ml_st_85,138000.0,-52.29120698,-13.52447026
179,ml_st_86_230,86,ml_st_86,230000.0,-53.6812486,-31.55113228
180,ml_st_86_138,86,ml_st_86,138000.0,-53.6812486,-31.55113228
181,ml_st_87_230,87,ml_st_87,230000.0,-51.14391906,-29.87477914
182,ml_st_88_230,88,ml_st_88,230000.0,-50.40314097,-26.19641161
183,ml_st_88_138,88,ml_st_88,138000.0,-50.40314097,-26.19641161
184,ml_st_89_230,89,ml_st_89,230000.0,-48.343079,-23.986694
185,ml_st_89_138,89,ml_st_89,138000.0,-48.343079,-23.986694
186,ml_st_90_440,90,ml_st_90,440000.0,-51.36031304,-22.65765743
187,ml_st_90_138,90,ml_st_90,138000.0,-51.36031304,-22.65765743
188,ml_st_91_230,91,ml_st_91,230000.0,-49.88848856,-5.980977
189,ml_st_91_138,91,ml_st_91,138000.0,-49.88848856,-5.980977
190,ml_st_92_230,92,ml_st_92,230000.0,-49.35241994,-16.71982524
191,ml_st_92_138,92,ml_st_92,138000.0,-49.35241994,-16.71982524
192,ml_st_93_230,93,ml_st_93,230000.0,-53.456178,-24.995033
193,ml_st_93_138,93,ml_st_93,138000.0,-53.456178,-24.995033
194,ml_st_94_525,94,ml_st_94,525000.0,-53.53319529,-25.02909701
195,ml_st_94_230,94,ml_st_94,230000.0,-53.53319529,-25.02909701
196,ml_st_95_230,95,ml_st_95,230000.0,-38.36361327,-12.39752335
197,ml_st_95_69,95,ml_st_95,69000.0,-38.36361327,-12.39752335
198,ml_st_96_230,96,ml_st_96,230000.0,-38.87081591,-3.6942585
199,ml_st_96_69,96,ml_st_96,69000.0,-38.87081591,-3.6942585
200,ml_st_97_525,97,ml_st_97,525000.0,-51.2011614,-29.27703068
201,ml_st_97_230,97,ml_st_97,230000.0,-51.2011614,-29.27703068
202,ml_st_98_230,98,ml_st_98,230000.0,-51.19154243,-29.13234567
203,ml_st_98_69,98,ml_st_98,69000.0,-51.19154243,-29.13234567
204,ml_st_99_230,99,ml_st_99,230000.0,-51.15726309,-29.14224551
205,ml_st_99_69,99,ml_st_99,69000.0,-51.15726309,-29.14224551
206,ml_st_100_230,100,ml_st_100,230000.0,-43.40849626,-4.87215061
207,ml_st_101_440,101,ml_st_101,440000.0,-47.29641348,-23.54082718
208,ml_st_101_230,101,ml_st_101,230000.0,-47.29641348,-23.54082718
209,ml_st_102_500,102,ml_st_102,500000.0,-35.45214311,-5.67335594
210,ml_st_102_230,102,ml_st_102,230000.0,-35.45214311,-5.67335594
211,ml_st_103_230,103,ml_st_103,230000.0,-41.02360371,-19.49999583
212,ml_st_104_230,104,ml_st_104,230000.0,-46.648299,-23.5368
213,ml_st_104_88,104,ml_st_104,88000.0,-46.648299,-23.5368
214,ml_st_105_230,105,ml_st_105,230000.0,-46.721444,-23.513014
215,ml_st_106_230,106,ml_st_106,230000.0,-47.77442602,-23.14004565
216,ml_st_106_138,106,ml_st_106,138000.0,-47.77442602,-23.14004565
217,ml_st_107_230,107,ml_st_107,230000.0,-49.728717,-23.126007
218,ml_st_107_88,107,ml_st_107,88000.0,-49.728717,-23.126007
219,ml_st_108_230,108,ml_st_108,230000.0,-38.36720902,-10.59735137
220,ml_st_108_69,108,ml_st_108,69000.0,-38.36720902,-10.59735137
221,ml_st_109_230,109,ml_st_109,230000.0,-51.17999268,-29.89129639
222,ml_st_109_138,109,ml_st_109,138000.0,-51.17999268,-29.89129639
223,ml_st_110_230,110,ml_st_110,230000.0,-49.33271847,-25.52586406
224,ml_st_110_69,110,ml_st_110,69000.0,-49.33271847,-25.52586406
225,ml_st_111_500,111,ml_st_111,500000.0,-55.33391193,-11.29019997
226,ml_st_112_230,112,ml_st_112,230000.0,-48.33782853,-14.15866315
227,ml_st_113_230,113,ml_st_113,230000.0,-42.98671356,-4.29813385
228,ml_st_113_69,113,ml_st_113,69000.0,-42.98671356,-4.29813385
229,ml_st_114_230,114,ml_st_114,230000.0,-52.38907909,-18.91137369
230,ml_st_114_138,114,ml_st_114,138000.0,-52.38907909,-18.91137369
231,ml_st_115_500,115,ml_st_115,500000.0,-63.95852284,-8.91358909
232,ml_st_115_230,115,ml_st_115,230000.0,-63.95852284,-8.91358909
233,ml_st_116_500,116,ml_st_116,500000.0,-48.45528975,-7.97009339
234,ml_st_117_345,117,ml_st_117,345000.0,-43.82332091,-20.66320254
235,ml_st_117_138,117,ml_st_117,138000.0,-43.82332091,-20.66320254
236,ml_st_118_230,118,ml_st_118,230000.0,-41.48298275,-19.18044128
237,ml_st_118_69,118,ml_st_118,69000.0,-41.48298275,-19.18044128
238,ml_st_119_230,119,ml_st_119,230000.0,-37.95573527,-7.01617897
239,ml_st_120_345,120,ml_st_120,345000.0,-48.54125238,-17.98674582
240,ml_st_120_138,120,ml_st_120,138000.0,-48.54125238,-17.98674582
241,ml_st_121_230,121,ml_st_121,230000.0,-57.61957908,-19.03851033
242,ml_st_121_138,121,ml_st_121,138000.0,-57.61957908,-19.03851033
243,ml_st_122_230,122,ml_st_122,230000.0,-55.99776204,-15.62848878
244,ml_st_122_138,122,ml_st_122,138000.0,-55.99776204,-15.62848878
245,ml_st_123_500,123,ml_st_123,500000.0,-55.85390978,-15.68594173
246,ml_st_123_230,123,ml_st_123,230000.0,-55.85390978,-15.68594173
247,ml_st_124_525,124,ml_st_124,525000.0,-49.31812903,-25.59322657
248,ml_st_124_230,124,ml_st_124,230000.0,-49.31812903,-25.59322657
249,ml_st_125_525,125,ml_st_125,525000.0,-49.07982191,-25.57142372
250,ml_st_125_230,125,ml_st_125,230000.0,-49.07982191,-25.57142372
251,ml_st_126_230,126,ml_st_126,230000.0,-38.51535335,-3.78736473
252,ml_st_126_69,126,ml_st_126,69000.0,-38.51535335,-3.78736473
253,ml_st_127_230,127,ml_st_127,230000.0,-48.51397835,-27.6702722
254,ml_st_127_138,127,ml_st_127,138000.0,-48.51397835,-27.6702722
255,ml_st_128_230,128,ml_st_128,230000.0,-49.12808169,-25.52959436
256,ml_st_128_69,128,ml_st_128,69000.0,-49.12808169,-25.52959436
257,ml_st_129_230,129,ml_st_129,230000.0,-53.28979492,-29.45098877
258,ml_st_130_230,130,ml_st_130,230000.0,-54.99194986,-22.26873127
259,ml_st_130_138,130,ml_st_130,138000.0,-54.99194986,-22.26873127
260,ml_st_131_230,131,ml_st_131,230000.0,-46.907799,-23.45319
261,ml_st_131_88,131,ml_st_131,88000.0,-46.907799,-23.45319
262,ml_st_132_230,132,ml_st_132,230000.0,-51.31855315,-30.01457495
263,ml_st_133_230,133,ml_st_133,230000.0,-43.670279,-8.098532
264,ml_st_133_69,133,ml_st_133,69000.0,-43.670279,-8.098532
265,ml_st_134_500,134,ml_st_134,500000.0,-47.986511,-18.457275
266,ml_st_134_138,134,ml_st_134,138000.0,-47.986511,-18.457275
267,ml_st_135_440,135,ml_st_135,440000.0,-46.79983169,-23.8446636
268,ml_st_135_345,135,ml_st_135,345000.0,-46.79983169,-23.8446636
269,ml_st_135_138,135,ml_st_135,138000.0,-46.79983169,-23.8446636
270,ml_st_136_230,136,ml_st_136,230000.0,-45.85481618,-2.2181597
271,ml_st_136_69,136,ml_st_136,69000.0,-45.85481618,-2.2181597
272,ml_st_137_345,137,ml_st_137,345000.0,-47.28466965,-20.15497695
273,ml_st_138_500,138,ml_st_138,500000.0,-47.17519772,-20.2604548
274,ml_st_138_345,138,ml_st_138,345000.0,-47.17519772,-20.2604548
275,ml_st_139_230,139,ml_st_139,230000.0,-39.55001697,-16.33875296
276,ml_st_139_138,139,ml_st_139,138000.0,-39.55001697,-16.33875296
277,ml_st_140_230,140,ml_st_140,230000.0,-35.30406637,-5.73817631
278,ml_st_140_69,140,ml_st_140,69000.0,-35.30406637,-5.73817631
279,ml_st_141_230,141,ml_st_141,230000.0,-51.32444556,-29.22053729
280,ml_st_141_69,141,ml_st_141,69000.0,-51.32444556,-29.22053729
281,ml_st_142_230,142,ml_st_142,230000.0,-38.96793235,-12.28826091
282,ml_st_142_69,142,ml_st_142,69000.0,-38.96793235,-12.28826091
283,ml_st_143_500,143,ml_st_143,500000.0,-46.51469192,-23.05792868
284,ml_st_143_440,143,ml_st_143,440000.0,-46.51469192,-23.05792868
285,ml_st_144_230,144,ml_st_144,230000.0,-50.76690363,-29.89833743
286,ml_st_145_230,145,ml_st_145,230000.0,-50.388431,-23.849377
287,ml_st_145_138,145,ml_st_145,138000.0,-50.388431,-23.849377
288,ml_st_146_230,146,ml_st_146,230000.0,-50.32754954,-16.5918078
289,ml_st_146_138,146,ml_st_146,138000.0,-50.32754954,-16.5918078
290,ml_st_147_230,147,ml_st_147,230000.0,-49.52359311,-28.75114146
291,ml_st_147_69,147,ml_st_147,69000.0,-49.52359311,-28.75114146
292,ml_st_148_500,148,ml_st_148,500000.0,-38.54352152,-3.83302535
293,ml_st_148_230,148,ml_st_148,230000.0,-38.54352152,-3.83302535
294,ml_st_149_230,149,ml_st_149,230000.0,-53.05288712,-27.13948468
295,ml_st_149_138,149,ml_st_149,138000.0,-53.05288712,-27.13948468
296,ml_st_150_230,150,ml_st_150,230000.0,-53.09613544,-25.52354672
297,ml_st_150_138,150,ml_st_150,138000.0,-53.09613544,-25.52354672
298,ml_st_151_765,151,ml_st_151,765000.0,-54.5394228,-25.46783597
299,ml_st_151_500,151,ml_st_151,500000.0,-54.5394228,-25.46783597
300,ml_st_151_127,151,ml_st_151,127000.0,-54.5394228,-25.46783597
301,ml_st_152_230,152,ml_st_152,230000.0,-39.46218989,-14.23271391
302,ml_st_152_138,152,ml_st_152,138000.0,-39.46218989,-14.23271391
303,ml_st_153_500,153,ml_st_153,500000.0,-46.61351698,-21.79913734
304,ml_st_153_345,153,ml_st_153,345000.0,-46.61351698,-21.79913734
305,ml_st_153_138,153,ml_st_153,138000.0,-46.61351698,-21.79913734
306,ml_st_154_500,154,ml_st_154,500000.0,-55.67255053,-28.25329101
307,ml_st_155_500,155,ml_st_155,500000.0,-36.40340038,-8.88261359
308,ml_st_155_230,155,ml_st_155,230000.0,-36.40340038,-8.88261359
309,ml_st_156_230,156,ml_st_156,230000.0,-51.51223945,-29.23911515
310,ml_st_156_69,156,ml_st_156,69000.0,-51.51223945,-29.23911515
311,ml_st_157_500,157,ml_st_157,500000.0,-42.66661918,-11.28014446
312,ml_st_157_230,157,ml_st_157,230000.0,-42.66661918,-11.28014446
313,ml_st_158_440,158,ml_st_158,440000.0,-47.08499913,-23.43818616
314,ml_st_159_440,159,ml_st_159,440000.0,-49.838263,-21.855551
315,ml_st_159_138,159,ml_st_159,138000.0,-49.838263,-21.855551
316,ml_st_160_500,160,ml_st_160,500000.0,-45.34632674,-9.75302185
317,ml_st_160_230,160,ml_st_160,230000.0,-45.34632674,-9.75302185
318,ml_st_160_69,160,ml_st_160,69000.0,-45.34632674,-9.75302185
319,ml_st_161_230,161,ml_st_161,230000.0,-39.03398057,-12.60721385
320,ml_st_161_69,161,ml_st_161,69000.0,-39.03398057,-12.60721385
321,ml_st_162_230,162,ml_st_162,230000.0,-41.98005788,-18.84958048
322,ml_st_162_138,162,ml_st_162,138000.0,-41.98005788,-18.84958048
323,ml_st_163_500,163,ml_st_163,500000.0,-43.26471006,-22.92774229
324,ml_st_163_138,163,ml_st_163,138000.0,-43.26471006,-22.92774229
325,ml_st_164_230,164,ml_st_164,230000.0,-49.35476443,-25.5868746
326,ml_st_165_230,165,ml_st_165,230000.0,-51.06533348,-29.88384355
327,ml_st_165_69,165,ml_st_165,69000.0,-51.06533348,-29.88384355
328,ml_st_166_230,166,ml_st_166,230000.0,-50.96270752,-29.88769531
329,ml_st_166_69,166,ml_st_166,69000.0,-50.96270752,-29.88769531
330,ml_st_167_230,167,ml_st_167,230000.0,-51.38140739,-30.13019146
331,ml_st_167_69,167,ml_st_167,69000.0,-51.38140739,-30.13019146
332,ml_st_168_230,168,ml_st_168,230000.0,-54.22606594,-24.10271025
333,ml_st_168_138,168,ml_st_168,138000.0,-54.22606594,-24.10271025
334,ml_st_169_230,169,ml_st_169,230000.0,-48.44559999,-1.45858697
335,ml_st_169_69,169,ml_st_169,69000.0,-48.44559999,-1.45858697
336,ml_st_170_345,170,ml_st_170,345000.0,-46.58539555,-23.44235809
337,ml_st_171_230,171,ml_st_171,230000.0,-42.9236135,-19.67501729
338,ml_st_172_500,172,ml_st_172,500000.0,-49.01182668,-11.73586458
339,ml_st_173_230,173,ml_st_173,230000.0,-46.450684,-23.877686
340,ml_st_174_500,174,ml_st_174,500000.0,-41.373901,-13.438904
341,ml_st_174_230,174,ml_st_174,230000.0,-41.373901,-13.438904
342,ml_st_174_138,174,ml_st_174,138000.0,-41.373901,-13.438904
343,ml_st_175_230,175,ml_st_175,230000.0,-51.07697604,-23.29175565
344,ml_st_175_138,175,ml_st_175,138000.0,-51.07697604,-23.29175565
345,ml_st_176_500,176,ml_st_176,500000.0,-47.104748,-23.667023
346,ml_st_176_345,176,ml_st_176,345000.0,-47.104748,-23.667023
347,ml_st_177_230,177,ml_st_177,230000.0,-38.881373,-6.409152
348,ml_st_177_69,177,ml_st_177,69000.0,-38.881373,-6.409152
349,ml_st_178_500,178,ml_st_178,500000.0,-42.6126938,-13.98421936
350,ml_st_178_230,178,ml_st_178,230000.0,-42.6126938,-13.98421936
351,ml_st_179_440,179,ml_st_179,440000.0,-51.37037993,-20.38132593
352,ml_st_179_138,179,ml_st_179,138000.0,-51.37037993,-20.38132593
353,ml_st_180_230,180,ml_st_180,230000.0,-47.44402696,-5.49254467
354,ml_st_180_500,180,ml_st_180,500000.0,-47.44402696,-5.49254467
355,ml_st_181_230,181,ml_st_181,230000.0,-50.02190097,-6.43851664
356,ml_st_182_345,182,ml_st_182,345000.0,-46.68141935,-23.71008661
357,ml_st_182_230,182,ml_st_182,230000.0,-46.68141935,-23.71008661
358,ml_st_183_230,183,ml_st_183,230000.0,-42.55767628,-19.43883997
359,ml_st_184_345,184,ml_st_184,345000.0,-42.57143828,-16.72978823
360,ml_st_184_230,184,ml_st_184,230000.0,-42.57143828,-16.72978823
361,ml_st_185_230,185,ml_st_185,230000.0,-41.80795987,-11.30877887
362,ml_st_185_138,185,ml_st_185,138000.0,-41.80795987,-11.30877887
363,ml_st_185_69,185,ml_st_185,69000.0,-41.80795987,-11.30877887
364,ml_st_186_525,186,ml_st_186,525000.0,-52.40584444,-27.27305833
365,ml_st_187_230,187,ml_st_187,230000.0,-37.4560817,-10.66218388
366,ml_st_187_69,187,ml_st_187,69000.0,-37.4560817,-10.66218388
367,ml_st_188_750,188,ml_st_188,750000.0,-49.13202001,-23.95131071
368,ml_st_189_230,189,ml_st_189,230000.0,-43.19970266,-19.59522559
369,ml_st_189_69,189,ml_st_189,69000.0,-43.19970266,-19.59522559
370,ml_st_190_230,190,ml_st_190,230000.0,-43.28551224,-19.602629
371,ml_st_191_500,191,ml_st_191,500000.0,-43.758301,-20.297791
372,ml_st_191_345,191,ml_st_191,345000.0,-43.758301,-20.297791
373,ml_st_191_138,191,ml_st_191,138000.0,-43.758301,-20.297791
374,ml_st_192_500,192,ml_st_192,500000.0,-43.784726,-20.328156
375,ml_st_192_345,192,ml_st_192,345000.0,-43.784726,-20.328156
376,ml_st_193_500,193,ml_st_193,500000.0,-49.14727671,-5.45626792
377,ml_st_193_230,193,ml_st_193,230000.0,-49.14727671,-5.45626792
378,ml_st_194_230,194,ml_st_194,230000.0,-48.78150492,-26.97316206
379,ml_st_194_138,194,ml_st_194,138000.0,-48.78150492,-26.97316206
380,ml_st_195_500,195,ml_st_195,500000.0,-45.51578569,-22.46815018
381,ml_st_195_138,195,ml_st_195,138000.0,-45.51578569,-22.46815018
382,ml_st_196_230,196,ml_st_196,230000.0,-49.52373375,-14.94428676
383,ml_st_196_69,196,ml_st_196,69000.0,-49.52373375,-14.94428676
384,ml_st_197_345,197,ml_st_197,345000.0,-46.17655686,-23.54732483
385,ml_st_197_230,197,ml_st_197,230000.0,-46.17655686,-23.54732483
386,ml_st_197_88,197,ml_st_197,88000.0,-46.17655686,-23.54732483
387,ml_st_198_230,198,ml_st_198,230000.0,-49.31276398,-24.10246633
388,ml_st_198_138,198,ml_st_198,138000.0,-49.31276398,-24.10246633
389,ml_st_199_500,199,ml_st_199,500000.0,-46.90500307,-22.95702278
390,ml_st_199_138,199,ml_st_199,138000.0,-46.90500307,-22.95702278
391,ml_st_200_230,200,ml_st_200,230000.0,-53.23378624,-29.26047691
392,ml_st_201_230,201,ml_st_201,230000.0,-54.87486094,-17.07958671
393,ml_st_202_500,202,ml_st_202,500000.0,-49.1141363,-18.40721994
394,ml_st_202_345,202,ml_st_202,345000.0,-49.1141363,-18.40721994
395,ml_st_202_230,202,ml_st_202,230000.0,-49.1141363,-18.40721994
396,ml_st_203_345,203,ml_st_203,345000.0,-44.62914427,-21.29615293
397,ml_st_204_525,204,ml_st_204,525000.0,-51.67742708,-24.43101707
398,ml_st_205_750,205,ml_st_205,750000.0,-51.67408781,-24.4205869
399,ml_st_206_230,206,ml_st_206,230000.0,-53.57488709,-22.41790537
400,ml_st_206_138,206,ml_st_206,138000.0,-53.57488709,-22.41790537
401,ml_st_207_230,207,ml_st_207,230000.0,-38.48269123,-12.69696083
402,ml_st_207_69,207,ml_st_207,69000.0,-38.48269123,-12.69696083
403,ml_st_208_345,208,ml_st_208,345000.0,-43.42125895,-22.92410224
404,ml_st_208_138,208,ml_st_208,138000.0,-43.42125895,-22.92410224
405,ml_st_209_230,209,ml_st_209,230000.0,-49.69457105,-24.23384154
406,ml_st_209_138,209,ml_st_209,138000.0,-49.69457105,-24.23384154
407,ml_st_209_69,209,ml_st_209,69000.0,-49.69457105,-24.23384154
408,ml_st_210_500,210,ml_st_210,500000.0,-43.32577268,-15.92344517
409,ml_st_210_230,210,ml_st_210,230000.0,-43.32577268,-15.92344517
410,ml_st_211_440,211,ml_st_211,440000.0,-46.906601,-23.563037
411,ml_st_211_88,211,ml_st_211,88000.0,-46.906601,-23.563037
412,ml_st_212_500,212,ml_st_212,500000.0,-37.15034521,-10.8827808
413,ml_st_212_230,212,ml_st_212,230000.0,-37.15034521,-10.8827808
414,ml_st_212_69,212,ml_st_212,69000.0,-37.15034521,-10.8827808
415,ml_st_213_230,213,ml_st_213,230000.0,-62.45444186,-10.42327359
416,ml_st_213_69,213,ml_st_213,69000.0,-62.45444186,-10.42327359
417,ml_st_214_230,214,ml_st_214,230000.0,-52.09103102,-17.78605461
418,ml_st_214_138,214,ml_st_214,138000.0,-52.09103102,-17.78605461
419,ml_st_215_500,215,ml_st_215,500000.0,-58.83109693,-15.38133648
420,ml_st_215_230,215,ml_st_215,230000.0,-58.83109693,-15.38133648
421,ml_st_215_138,215,ml_st_215,138000.0,-58.83109693,-15.38133648
422,ml_st_216_345,216,ml_st_216,345000.0,-43.97012114,-20.58341461
423,ml_st_217_230,217,ml_st_217,230000.0,-61.8944101,-10.86211644
424,ml_st_217_138,217,ml_st_217,138000.0,-61.8944101,-10.86211644
425,ml_st_217_69,217,ml_st_217,69000.0,-61.8944101,-10.86211644
426,ml_st_218_230,218,ml_st_218,230000.0,-35.87485436,-5.30244556
427,ml_st_219_500,219,ml_st_219,500000.0,-35.8861998,-5.38031869
428,ml_st_220_230,220,ml_st_220,230000.0,-48.90116618,-26.25183066
429,ml_st_220_138,220,ml_st_220,138000.0,-48.90116618,-26.25183066
430,ml_st_221_230,221,ml_st_221,230000.0,-48.8875742,-26.29152065
431,ml_st_221_138,221,ml_st_221,138000.0,-48.8875742,-26.29152065
432,ml_st_221_69,221,ml_st_221,69000.0,-48.8875742,-26.29152065
433,ml_st_222_230,222,ml_st_222,230000.0,-48.96993076,-28.45103525
434,ml_st_222_138,222,ml_st_222,138000.0,-48.96993076,-28.45103525
435,ml_st_222_69,222,ml_st_222,69000.0,-48.96993076,-28.45103525
436,ml_st_223_230,223,ml_st_223,230000.0,-48.97056823,-28.45604273
437,ml_st_224_230,224,ml_st_224,230000.0,-59.89630127,-3.02069092
438,ml_st_224_138,224,ml_st_224,138000.0,-59.89630127,-3.02069092
439,ml_st_225_230,225,ml_st_225,230000.0,-40.47660697,-9.48105512
440,ml_st_225_69,225,ml_st_225,69000.0,-40.47660697,-9.48105512
441,ml_st_226_500,226,ml_st_226,500000.0,-40.51936608,-9.48667469
442,ml_st_226_230,226,ml_st_226,230000.0,-40.51936608,-9.48667469
443,ml_st_227_345,227,ml_st_227,345000.0,-43.40277268,-21.7111134
444,ml_st_227_138,227,ml_st_227,138000.0,-43.40277268,-21.7111134
445,ml_st_228_440,228,ml_st_228,440000.0,-51.633058,-20.783105
446,ml_st_228_138,228,ml_st_228,138000.0,-51.633058,-20.783105
447,ml_st_229_230,229,ml_st_229,230000.0,-49.2303084,-23.20856086
448,ml_st_229_138,229,ml_st_229,138000.0,-49.2303084,-23.20856086
449,ml_st_230_500,230,ml_st_230,500000.0,-52.7659,-1.5524
450,ml_st_230_230,230,ml_st_230,230000.0,-52.7659,-1.5524
451,ml_st_231_230,231,ml_st_231,230000.0,-50.33740375,-27.75630147
452,ml_st_231_138,231,ml_st_231,138000.0,-50.33740375,-27.75630147
453,ml_st_232_230,232,ml_st_232,230000.0,-51.52300672,-28.18543726
454,ml_st_232_138,232,ml_st_232,138000.0,-51.52300672,-28.18543726
455,ml_st_233_500,233,ml_st_233,500000.0,-48.366868,-9.747198
456,ml_st_233_230,233,ml_st_233,230000.0,-48.366868,-9.747198
457,ml_st_234_230,234,ml_st_234,230000.0,-50.55684314,-28.99062877
458,ml_st_234_138,234,ml_st_234,138000.0,-50.55684314,-28.99062877
459,ml_st_235_230,235,ml_st_235,230000.0,-51.98447215,-29.46531939
460,ml_st_235_69,235,ml_st_235,69000.0,-51.98447215,-29.46531939
461,ml_st_236_230,236,ml_st_236,230000.0,-52.48226008,-0.81196887
462,ml_st_236_69,236,ml_st_236,69000.0,-52.48226008,-0.81196887
463,ml_st_237_500,237,ml_st_237,500000.0,-60.01462762,-2.92023876
464,ml_st_237_230,237,ml_st_237,230000.0,-60.01462762,-2.92023876
465,ml_st_237_138,237,ml_st_237,138000.0,-60.01462762,-2.92023876
466,ml_st_238_230,238,ml_st_238,230000.0,-55.54278564,-30.86218262
467,ml_st_238_69,238,ml_st_238,69000.0,-55.54278564,-30.86218262
468,ml_st_239_525,239,ml_st_239,525000.0,-51.14103089,-23.46318446
469,ml_st_239_230,239,ml_st_239,230000.0,-51.14103089,-23.46318446
470,ml_st_240_230,240,ml_st_240,230000.0,-55.93013189,-13.01051913
471,ml_st_240_138,240,ml_st_240,138000.0,-55.93013189,-13.01051913
472,ml_st_241_500,241,ml_st_241,500000.0,-38.3051399,-9.14464673
473,ml_st_242_500,242,ml_st_242,500000.0,-47.83192545,-16.34908633
474,ml_st_242_138,242,ml_st_242,138000.0,-47.83192545,-16.34908633
475,ml_st_243_345,243,ml_st_243,345000.0,-41.87297084,-22.30534993
476,ml_st_243_138,243,ml_st_243,138000.0,-41.87297084,-22.30534993
477,ml_st_244_230,244,ml_st_244,230000.0,-51.12166667,0.09833333
478,ml_st_244_69,244,ml_st_244,69000.0,-51.12166667,0.09833333
479,ml_st_245_230,245,ml_st_245,230000.0,-56.06652832,-29.15118408
480,ml_st_245_69,245,ml_st_245,69000.0,-56.06652832,-29.15118408
481,ml_st_246_230,246,ml_st_246,230000.0,-35.75023216,-9.52876608
482,ml_st_246_69,246,ml_st_246,69000.0,-35.75023216,-9.52876608
483,ml_st_247_500,247,ml_st_247,500000.0,-51.78964472,-27.52739494
484,ml_st_248_230,248,ml_st_248,230000.0,-59.99139404,-3.08148193
485,ml_st_248_69,248,ml_st_248,69000.0,-59.99139404,-3.08148193
486,ml_st_249_500,249,ml_st_249,500000.0,-49.02405749,-5.1991066
487,ml_st_249_230,249,ml_st_249,230000.0,-49.02405749,-5.1991066
488,ml_st_249_69,249,ml_st_249,69000.0,-49.02405749,-5.1991066
489,ml_st_250_440,250,ml_st_250,440000.0,-51.63876991,-20.79630312
490,ml_st_250_138,250,ml_st_250,138000.0,-51.63876991,-20.79630312
491,ml_st_251_500,251,ml_st_251,500000.0,-49.203491,-20.301208
492,ml_st_251_345,251,ml_st_251,345000.0,-49.203491,-20.301208
493,ml_st_252_500,252,ml_st_252,500000.0,-49.22214429,-20.25366976
494,ml_st_253_230,253,ml_st_253,230000.0,-51.98715075,-23.44835399
495,ml_st_253_138,253,ml_st_253,138000.0,-51.98715075,-23.44835399
496,ml_st_254_500,254,ml_st_254,500000.0,-48.3623045,-1.41081796
497,ml_st_254_230,254,ml_st_254,230000.0,-48.3623045,-1.41081796
498,ml_st_254_69,254,ml_st_254,69000.0,-48.3623045,-1.41081796
499,ml_st_255_525,255,ml_st_255,525000.0,-52.99058867,-33.13970621
500,ml_st_256_230,256,ml_st_256,230000.0,-40.91866832,-19.50326076
501,ml_st_256_138,256,ml_st_256,138000.0,-40.91866832,-19.50326076
502,ml_st_257_345,257,ml_st_257,345000.0,-47.06944722,-20.28619167
503,ml_st_257_138,257,ml_st_257,138000.0,-47.06944722,-20.28619167
504,ml_st_258_230,258,ml_st_258,230000.0,-38.483027,-12.97754422
505,ml_st_258_69,258,ml_st_258,69000.0,-38.483027,-12.97754422
506,ml_st_259_500,259,ml_st_259,500000.0,-42.54793831,-19.4167229
507,ml_st_259_230,259,ml_st_259,230000.0,-42.54793831,-19.4167229
508,ml_st_260_500,260,ml_st_260,500000.0,-35.84227026,-9.40220245
509,ml_st_260_230,260,ml_st_260,230000.0,-35.84227026,-9.40220245
510,ml_st_261_345,261,ml_st_261,345000.0,-46.62527966,-23.56245204
511,ml_st_261_88,261,ml_st_261,88000.0,-46.62527966,-23.56245204
512,ml_st_262_500,262,ml_st_262,500000.0,-38.93740634,-7.30701822
513,ml_st_262_230,262,ml_st_262,230000.0,-38.93740634,-7.30701822
514,ml_st_262_69,262,ml_st_262,69000.0,-38.93740634,-7.30701822
515,ml_st_263_345,263,ml_st_263,345000.0,-46.75195278,-23.52819444
516,ml_st_263_88,263,ml_st_263,88000.0,-46.75195278,-23.52819444
517,ml_st_264_500,264,ml_st_264,500000.0,-48.52067209,-9.54154584
518,ml_st_264_138,264,ml_st_264,138000.0,-48.52067209,-9.54154584
519,ml_st_265_500,265,ml_st_265,500000.0,-44.53500234,-3.56616574
520,ml_st_265_230,265,ml_st_265,230000.0,-44.53500234,-3.56616574
521,ml_st_265_138,265,ml_st_265,138000.0,-44.53500234,-3.56616574
522,ml_st_265_69,265,ml_st_265,69000.0,-44.53500234,-3.56616574
523,ml_st_266_440,266,ml_st_266,440000.0,-49.50216156,-20.86702287
524,ml_st_266_138,266,ml_st_266,138000.0,-49.50216156,-20.86702287
525,ml_st_267_230,267,ml_st_267,230000.0,-34.89127586,-7.95504627
526,ml_st_267_69,267,ml_st_267,69000.0,-34.89127586,-7.95504627
527,ml_st_268_230,268,ml_st_268,230000.0,-34.89181718,-7.95611108
528,ml_st_268_69,268,ml_st_268,69000.0,-34.89181718,-7.95611108
529,ml_st_269_230,269,ml_st_269,230000.0,-46.181981,-23.548427
530,ml_st_269_88,269,ml_st_269,88000.0,-46.181981,-23.548427
531,ml_st_270_345,270,ml_st_270,345000.0,-46.16960562,-23.50368296
532,ml_st_270_230,270,ml_st_270,230000.0,-46.16960562,-23.50368296
533,ml_st_271_440,271,ml_st_271,440000.0,-47.06559364,-22.41989674
534,ml_st_271_138,271,ml_st_271,138000.0,-47.06559364,-22.41989674
535,ml_st_272_230,272,ml_st_272,230000.0,-51.53556713,-29.01318048
536,ml_st_273_345,273,ml_st_273,345000.0,-43.82480159,-16.67025681
537,ml_st_273_138,273,ml_st_273,138000.0,-43.82480159,-16.67025681
538,ml_st_274_500,274,ml_st_274,500000.0,-48.15562587,-20.8651
539,ml_st_274_138,274,ml_st_274,138000.0,-48.15562587,-20.8651
540,ml_st_275_500,275,ml_st_275,500000.0,-41.3967886,-11.71392078
541,ml_st_275_230,275,ml_st_275,230000.0,-41.3967886,-11.71392078
542,ml_st_276_230,276,ml_st_276,230000.0,-37.35009432,-5.14948604
543,ml_st_276_69,276,ml_st_276,69000.0,-37.35009432,-5.14948604
544,ml_st_277_230,277,ml_st_277,230000.0,-34.89384289,-7.18166778
545,ml_st_277_69,277,ml_st_277,69000.0,-34.89384289,-7.18166778
546,ml_st_278_230,278,ml_st_278,230000.0,-37.14641926,-10.87531417
547,ml_st_278_69,278,ml_st_278,69000.0,-37.14641926,-10.87531417
548,ml_st_279_230,279,ml_st_279,230000.0,-38.44505705,-12.95394385
549,ml_st_279_69,279,ml_st_279,69000.0,-38.44505705,-12.95394385
550,ml_st_280_230,280,ml_st_280,230000.0,-35.23965833,-5.808925
551,ml_st_280_69,280,ml_st_280,69000.0,-35.23965833,-5.808925
552,ml_st_281_500,281,ml_st_281,500000.0,-44.10351562,-19.82348633
553,ml_st_281_345,281,ml_st_281,345000.0,-44.10351562,-19.82348633
554,ml_st_281_138,281,ml_st_281,138000.0,-44.10351562,-19.82348633
555,ml_st_282_230,282,ml_st_282,230000.0,-43.86391818,-22.69079544
556,ml_st_282_138,282,ml_st_282,138000.0,-43.86391818,-22.69079544
557,ml_st_283_230,283,ml_st_283,230000.0,-48.48985563,-14.47261983
558,ml_st_283_69,283,ml_st_283,69000.0,-48.48985563,-14.47261983
559,ml_st_284_230,284,ml_st_284,230000.0,-56.29717073,-14.7251351
560,ml_st_284_138,284,ml_st_284,138000.0,-56.29717073,-14.7251351
561,ml_st_285_345,285,ml_st_285,345000.0,-46.38129032,-23.45421595
562,ml_st_285_88,285,ml_st_285,88000.0,-46.38129032,-23.45421595
563,ml_st_286_345,286,ml_st_286,345000.0,-46.558311,-23.483141
564,ml_st_286_88,286,ml_st_286,88000.0,-46.558311,-23.483141
565,ml_st_287_230,287,ml_st_287,230000.0,-43.04707616,-19.70394314
566,ml_st_288_500,288,ml_st_288,500000.0,-43.53933647,-22.75358373
567,ml_st_288_345,288,ml_st_288,345000.0,-43.53933647,-22.75358373
568,ml_st_288_138,288,ml_st_288,138000.0,-43.53933647,-22.75358373
569,ml_st_289_230,289,ml_st_289,230000.0,-56.07606179,-13.82825108
570,ml_st_289_69,289,ml_st_289,69000.0,-56.07606179,-13.82825108
571,ml_st_290_500,290,ml_st_290,500000.0,-47.700091,-19.134348
572,ml_st_291_440,291,ml_st_291,440000.0,-52.96498536,-22.48783798
573,ml_st_291_230,291,ml_st_291,230000.0,-52.96498536,-22.48783798
574,ml_st_292_230,292,ml_st_292,230000.0,-51.61324676,-28.80686381
575,ml_st_292_69,292,ml_st_292,69000.0,-51.61324676,-28.80686381
576,ml_st_293_525,293,ml_st_293,525000.0,-51.33536914,-29.82313659
577,ml_st_293_230,293,ml_st_293,230000.0,-51.33536914,-29.82313659
578,ml_st_294_440,294,ml_st_294,440000.0,-47.41220688,-23.44724098
579,ml_st_294_88,294,ml_st_294,88000.0,-47.41220688,-23.44724098
580,ml_st_295_500,295,ml_st_295,500000.0,-38.38412132,-11.31801237
581,ml_st_295_230,295,ml_st_295,230000.0,-38.38412132,-11.31801237
582,ml_st_296_230,296,ml_st_296,230000.0,-51.09179724,-6.57675094
583,ml_st_296_138,296,ml_st_296,138000.0,-51.09179724,-6.57675094
584,ml_st_297_500,297,ml_st_297,500000.0,-55.7239006,-1.58292015
585,ml_st_297_230,297,ml_st_297,230000.0,-55.7239006,-1.58292015
586,ml_st_297_138,297,ml_st_297,138000.0,-55.7239006,-1.58292015
587,ml_st_298_345,298,ml_st_298,345000.0,-42.35791657,-20.35402005
588,ml_st_298_138,298,ml_st_298,138000.0,-42.35791657,-20.35402005
589,ml_st_299_230,299,ml_st_299,230000.0,-48.69118056,-27.64137778
590,ml_st_299_138,299,ml_st_299,138000.0,-48.69118056,-27.64137778
591,ml_st_300_230,300,ml_st_300,230000.0,-48.29459923,-10.17708677
592,ml_st_300_138,300,ml_st_300,138000.0,-48.29459923,-10.17708677
593,ml_st_301_230,301,ml_st_301,230000.0,-49.94090445,-16.78428686
594,ml_st_301_69,301,ml_st_301,69000.0,-49.94090445,-16.78428686
595,ml_st_302_500,302,ml_st_302,500000.0,-47.11292426,-17.06935954
596,ml_st_302_138,302,ml_st_302,138000.0,-47.11292426,-17.06935954
597,ml_st_303_230,303,ml_st_303,230000.0,-50.59194823,-22.43651865
598,ml_st_303_88,303,ml_st_303,88000.0,-50.59194823,-22.43651865
599,ml_st_304_230,304,ml_st_304,230000.0,-36.00458056,-6.23656389
600,ml_st_304_138,304,ml_st_304,138000.0,-36.00458056,-6.23656389
601,ml_st_305_230,305,ml_st_305,230000.0,-49.21027207,-18.37177542
602,ml_st_305_69,305,ml_st_305,69000.0,-49.21027207,-18.37177542
603,ml_st_306_500,306,ml_st_306,500000.0,-56.84234384,-9.35355263
604,ml_st_306_138,306,ml_st_306,138000.0,-56.84234384,-9.35355263
605,ml_st_307_500,307,ml_st_307,500000.0,-54.43054358,-14.15834596
606,ml_st_307_230,307,ml_st_307,230000.0,-54.43054358,-14.15834596
607,ml_st_308_230,308,ml_st_308,230000.0,-48.76196247,-25.25297911
608,ml_st_308_138,308,ml_st_308,138000.0,-48.76196247,-25.25297911
609,ml_st_309_230,309,ml_st_309,230000.0,-52.71880884,-27.48392212
610,ml_st_309_138,309,ml_st_309,138000.0,-52.71880884,-27.48392212
611,ml_st_310_230,310,ml_st_310,230000.0,-53.19061279,-29.01818848
612,ml_st_310_138,310,ml_st_310,138000.0,-53.19061279,-29.01818848
613,ml_st_311_230,311,ml_st_311,230000.0,-52.67247388,-26.21027902
614,ml_st_311_138,311,ml_st_311,138000.0,-52.67247388,-26.21027902
615,ml_st_312_500,312,ml_st_312,500000.0,-35.02067535,-7.85925158
616,ml_st_312_230,312,ml_st_312,230000.0,-35.02067535,-7.85925158
617,ml_st_312_69,312,ml_st_312,69000.0,-35.02067535,-7.85925158
618,ml_st_313_230,313,ml_st_313,230000.0,-38.19609348,-9.40152737
619,ml_st_314_500,314,ml_st_314,500000.0,-38.19962741,-9.41320076
620,ml_st_314_230,314,ml_st_314,230000.0,-38.19962741,-9.41320076
621,ml_st_315_500,315,ml_st_315,500000.0,-48.55161278,-12.16303508
622,ml_st_316_230,316,ml_st_316,230000.0,-52.40763277,-31.72621658
623,ml_st_316_138,316,ml_st_316,138000.0,-52.40763277,-31.72621658
624,ml_st_317_230,317,ml_st_317,230000.0,-36.56239882,-10.24285087
625,ml_st_317_69,317,ml_st_317,69000.0,-36.56239882,-10.24285087
626,ml_st_318_230,318,ml_st_318,230000.0,-38.58320119,-3.74447407
627,ml_st_318_69,318,ml_st_318,69000.0,-38.58320119,-3.74447407
628,ml_st_319_230,319,ml_st_319,230000.0,-41.41404984,-7.11032472
629,ml_st_319_69,319,ml_st_319,69000.0,-41.41404984,-7.11032472
630,ml_st_320_230,320,ml_st_320,230000.0,-49.27547841,-25.37171449
631,ml_st_320_69,320,ml_st_320,69000.0,-49.27547841,-25.37171449
632,ml_st_321_345,321,ml_st_321,345000.0,-45.79341248,-20.46825867
633,ml_st_321_138,321,ml_st_321,138000.0,-45.79341248,-20.46825867
634,ml_st_322_230,322,ml_st_322,230000.0,-61.13632388,-11.60686244
635,ml_st_322_138,322,ml_st_322,138000.0,-61.13632388,-11.60686244
636,ml_st_323_230,323,ml_st_323,230000.0,-53.02409346,-26.8229932
637,ml_st_323_138,323,ml_st_323,138000.0,-53.02409346,-26.8229932
638,ml_st_324_230,324,ml_st_324,230000.0,-49.378338,-23.15428
639,ml_st_325_230,325,ml_st_325,230000.0,-35.02774549,-8.27081339
640,ml_st_325_69,325,ml_st_325,69000.0,-35.02774549,-8.27081339
641,ml_st_326_500,326,ml_st_326,500000.0,-44.869995,-17.339478
642,ml_st_326_345,326,ml_st_326,345000.0,-44.869995,-17.339478
643,ml_st_326_138,326,ml_st_326,138000.0,-44.869995,-17.339478
644,ml_st_327_230,327,ml_st_327,230000.0,-46.677405,-23.698736
645,ml_st_327_88,327,ml_st_327,88000.0,-46.677405,-23.698736
646,ml_st_328_345,328,ml_st_328,345000.0,-46.68274717,-23.70564618
647,ml_st_328_88,328,ml_st_328,88000.0,-46.68274717,-23.70564618
648,ml_st_329_230,329,ml_st_329,230000.0,-48.86619581,-16.38518127
649,ml_st_330_230,330,ml_st_330,230000.0,-41.75477903,-4.28502109
650,ml_st_330_138,330,ml_st_330,138000.0,-41.75477903,-4.28502109
651,ml_st_330_69,330,ml_st_330,69000.0,-41.75477903,-4.28502109
652,ml_st_331_230,331,ml_st_331,230000.0,-46.70939434,-23.5009728
653,ml_st_331_88,331,ml_st_331,88000.0,-46.70939434,-23.5009728
654,ml_st_332_345,332,ml_st_332,345000.0,-40.29334475,-20.19342639
655,ml_st_332_138,332,ml_st_332,138000.0,-40.29334475,-20.19342639
656,ml_st_333_230,333,ml_st_333,230000.0,-38.42055664,-12.93713412
657,ml_st_333_69,333,ml_st_333,69000.0,-38.42055664,-12.93713412
658,ml_st_334_230,334,ml_st_334,230000.0,-49.23137525,-17.81327866
659,ml_st_334_69,334,ml_st_334,69000.0,-49.23137525,-17.81327866
660,ml_st_335_500,335,ml_st_335,500000.0,-40.37681449,-14.51740116
661,ml_st_335_230,335,ml_st_335,230000.0,-40.37681449,-14.51740116
662,ml_st_336_230,336,ml_st_336,230000.0,-51.38928575,-29.86973185
663,ml_st_336_69,336,ml_st_336,69000.0,-51.38928575,-29.86973185
664,ml_st_337_230,337,ml_st_337,230000.0,-50.09952511,-25.17543796
665,ml_st_337_138,337,ml_st_337,138000.0,-50.09952511,-25.17543796
666,ml_st_338_230,338,ml_st_338,230000.0,-50.14035278,-25.04460278
667,ml_st_338_138,338,ml_st_338,138000.0,-50.14035278,-25.04460278
668,ml_st_339_230,339,ml_st_339,230000.0,-54.90837073,-17.58834335
669,ml_st_340_230,340,ml_st_340,230000.0,-51.17111111,-30.01666667
670,ml_st_340_69,340,ml_st_340,69000.0,-51.17111111,-30.01666667
671,ml_st_341_230,341,ml_st_341,230000.0,-51.14181946,-30.00875278
672,ml_st_341_69,341,ml_st_341,69000.0,-51.14181946,-30.00875278
673,ml_st_342_230,342,ml_st_342,230000.0,-51.22821038,-30.04681315
674,ml_st_343_230,343,ml_st_343,230000.0,-51.1960398,-29.97109178
675,ml_st_343_69,343,ml_st_343,69000.0,-51.1960398,-29.97109178
676,ml_st_344_230,344,ml_st_344,230000.0,-51.14263889,-30.06461111
677,ml_st_344_69,344,ml_st_344,69000.0,-51.14263889,-30.06461111
678,ml_st_345_230,345,ml_st_345,230000.0,-51.19646245,-30.04707744
679,ml_st_345_69,345,ml_st_345,69000.0,-51.19646245,-30.04707744
680,ml_st_346_230,346,ml_st_346,230000.0,-51.17232331,-30.04234639
681,ml_st_346_69,346,ml_st_346,69000.0,-51.17232331,-30.04234639
682,ml_st_347_345,347,ml_st_347,345000.0,-48.57483901,-20.12114472
683,ml_st_347_138,347,ml_st_347,138000.0,-48.57483901,-20.12114472
684,ml_st_348_230,348,ml_st_348,230000.0,-42.66704106,-19.12009044
685,ml_st_349_230,349,ml_st_349,230000.0,-47.37686918,-6.34746722
686,ml_st_349_138,349,ml_st_349,138000.0,-47.37686918,-6.34746722
687,ml_st_349_69,349,ml_st_349,69000.0,-47.37686918,-6.34746722
688,ml_st_350_230,350,ml_st_350,230000.0,-63.81803761,-8.79735459
689,ml_st_350_69,350,ml_st_350,69000.0,-63.81803761,-8.79735459
690,ml_st_351_230,351,ml_st_351,230000.0,-48.56418973,-25.55298656
691,ml_st_351_138,351,ml_st_351,138000.0,-48.56418973,-25.55298656
692,ml_st_352_525,352,ml_st_352,525000.0,-52.341142,-31.92911
693,ml_st_352_230,352,ml_st_352,230000.0,-52.341142,-31.92911
694,ml_st_353_500,353,ml_st_353,500000.0,-44.48127255,-5.26890327
695,ml_st_353_230,353,ml_st_353,230000.0,-44.48127255,-5.26890327
696,ml_st_353_69,353,ml_st_353,69000.0,-44.48127255,-5.26890327
697,ml_st_354_230,354,ml_st_354,230000.0,-52.26827918,-32.0768003
698,ml_st_354_138,354,ml_st_354,138000.0,-52.26827918,-32.0768003
699,ml_st_354_69,354,ml_st_354,69000.0,-52.26827918,-32.0768003
700,ml_st_355_500,355,ml_st_355,500000.0,-38.92905097,-4.95331864
701,ml_st_356_345,356,ml_st_356,345000.0,-46.52356111,-23.57940833
702,ml_st_356_88,356,ml_st_356,88000.0,-46.52356111,-23.57940833
703,ml_st_357_230,357,ml_st_357,230000.0,-53.51695964,-25.78244227
704,ml_st_357_138,357,ml_st_357,138000.0,-53.51695964,-25.78244227
705,ml_st_358_500,358,ml_st_358,500000.0,-35.03570735,-8.11500632
706,ml_st_358_230,358,ml_st_358,230000.0,-35.03570735,-8.11500632
707,ml_st_359_230,359,ml_st_359,230000.0,-35.39690892,-8.46933291
708,ml_st_359_69,359,ml_st_359,69000.0,-35.39690892,-8.46933291
709,ml_st_360_500,360,ml_st_360,500000.0,-52.63814007,-16.4740215
710,ml_st_360_230,360,ml_st_360,230000.0,-52.63814007,-16.4740215
711,ml_st_361_500,361,ml_st_361,500000.0,-47.68800247,-21.20204831
712,ml_st_361_440,361,ml_st_361,440000.0,-47.68800247,-21.20204831
713,ml_st_361_138,361,ml_st_361,138000.0,-47.68800247,-21.20204831
714,ml_st_362_500,362,ml_st_362,500000.0,-45.20592045,-7.63258377
715,ml_st_362_230,362,ml_st_362,230000.0,-45.20592045,-7.63258377
716,ml_st_362_69,362,ml_st_362,69000.0,-45.20592045,-7.63258377
717,ml_st_363_230,363,ml_st_363,230000.0,-67.73002442,-10.01078559
718,ml_st_363_138,363,ml_st_363,138000.0,-67.73002442,-10.01078559
719,ml_st_363_69,363,ml_st_363,69000.0,-67.73002442,-10.01078559
720,ml_st_364_500,364,ml_st_364,500000.0,-46.17528791,-13.85421972
721,ml_st_365_230,365,ml_st_365,230000.0,-35.83836696,-9.50355685
722,ml_st_365_69,365,ml_st_365,69000.0,-35.83836696,-9.50355685
723,ml_st_366_500,366,ml_st_366,500000.0,-40.88187777,-20.85752321
724,ml_st_366_345,366,ml_st_366,345000.0,-40.88187777,-20.85752321
725,ml_st_366_138,366,ml_st_366,138000.0,-40.88187777,-20.85752321
726,ml_st_367_500,367,ml_st_367,500000.0,-50.86269637,-17.72277673
727,ml_st_368_230,368,ml_st_368,230000.0,-54.59928039,-16.47043351
728,ml_st_368_138,368,ml_st_368,138000.0,-54.59928039,-16.47043351
729,ml_st_369_230,369,ml_st_369,230000.0,-54.8970217,-4.0741809
730,ml_st_369_138,369,ml_st_369,138000.0,-54.8970217,-4.0741809
731,ml_st_370_230,370,ml_st_370,230000.0,-37.99557299,-4.94910417
732,ml_st_370_69,370,ml_st_370,69000.0,-37.99557299,-4.94910417
733,ml_st_371_440,371,ml_st_371,440000.0,-47.240628,-23.178925
734,ml_st_371_88,371,ml_st_371,88000.0,-47.240628,-23.178925
735,ml_st_372_230,372,ml_st_372,230000.0,-49.99884487,-22.90533747
736,ml_st_372_88,372,ml_st_372,88000.0,-49.99884487,-22.90533747
737,ml_st_373_230,373,ml_st_373,230000.0,-53.01281816,-25.53980555
738,ml_st_373_69,373,ml_st_373,69000.0,-53.01281816,-25.53980555
739,ml_st_374_525,374,ml_st_374,525000.0,-52.62237222,-25.63012778
740,ml_st_375_230,375,ml_st_375,230000.0,-63.46015511,-8.7529122
741,ml_st_376_440,376,ml_st_376,440000.0,-47.41816462,-22.72590804
742,ml_st_376_138,376,ml_st_376,138000.0,-47.41816462,-22.72590804
743,ml_st_377_230,377,ml_st_377,230000.0,-44.92934116,-22.65566815
744,ml_st_377_88,377,ml_st_377,88000.0,-44.92934116,-22.65566815
745,ml_st_378_230,378,ml_st_378,230000.0,-52.41749041,-29.75071474
746,ml_st_378_69,378,ml_st_378,69000.0,-52.41749041,-29.75071474
747,ml_st_379_230,379,ml_st_379,230000.0,-47.569521,-1.3423
748,ml_st_379_138,379,ml_st_379,138000.0,-47.569521,-1.3423
749,ml_st_379_69,379,ml_st_379,69000.0,-47.569521,-1.3423
750,ml_st_380_230,380,ml_st_380,230000.0,-53.87580954,-29.68119258
751,ml_st_380_138,380,ml_st_380,138000.0,-53.87580954,-29.68119258
752,ml_st_380_69,380,ml_st_380,69000.0,-53.87580954,-29.68119258
753,ml_st_381_230,381,ml_st_381,230000.0,-52.43033539,-28.28422025
754,ml_st_381_138,381,ml_st_381,138000.0,-52.43033539,-28.28422025
755,ml_st_381_69,381,ml_st_381,69000.0,-52.43033539,-28.28422025
756,ml_st_382_230,382,ml_st_382,230000.0,-49.14416609,-25.36373735
757,ml_st_382_69,382,ml_st_382,69000.0,-49.14416609,-25.36373735
758,ml_st_383_230,383,ml_st_383,230000.0,-35.009201,-7.156305
759,ml_st_383_69,383,ml_st_383,69000.0,-35.009201,-7.156305
760,ml_st_384_230,384,ml_st_384,230000.0,-54.45766792,-27.87711315
761,ml_st_384_69,384,ml_st_384,69000.0,-54.45766792,-27.87711315
762,ml_st_385_525,385,ml_st_385,525000.0,-53.3015395,-33.4743886
763,ml_st_385_138,385,ml_st_385,138000.0,-53.3015395,-33.4743886
764,ml_st_386_230,386,ml_st_386,230000.0,-50.39150714,-9.32654238
765,ml_st_386_138,386,ml_st_386,138000.0,-50.39150714,-9.32654238
766,ml_st_387_440,387,ml_st_387,440000.0,-46.253906,-23.586121
767,ml_st_387_345,387,ml_st_387,345000.0,-46.253906,-23.586121
768,ml_st_387_138,387,ml_st_387,138000.0,-46.253906,-23.586121
769,ml_st_388_230,388,ml_st_388,230000.0,-54.285773,-28.303457
770,ml_st_388_69,388,ml_st_388,69000.0,-54.285773,-28.303457
771,ml_st_389_230,389,ml_st_389,230000.0,-39.2206271,-12.97277826
772,ml_st_389_69,389,ml_st_389,69000.0,-39.2206271,-12.97277826
773,ml_st_390_230,390,ml_st_390,230000.0,-55.99625585,-28.69036367
774,ml_st_390_69,390,ml_st_390,69000.0,-55.99625585,-28.69036367
775,ml_st_391_500,391,ml_st_391,500000.0,-44.84088634,-20.07318459
776,ml_st_391_138,391,ml_st_391,138000.0,-44.84088634,-20.07318459
777,ml_st_392_500,392,ml_st_392,500000.0,-46.01456146,-19.33750522
778,ml_st_392_345,392,ml_st_392,345000.0,-46.01456146,-19.33750522
779,ml_st_392_138,392,ml_st_392,138000.0,-46.01456146,-19.33750522
780,ml_st_393_500,393,ml_st_393,500000.0,-42.22900407,-8.35814509
781,ml_st_393_230,393,ml_st_393,230000.0,-42.22900407,-8.35814509
782,ml_st_394_500,394,ml_st_394,500000.0,-43.33228157,-22.74863135
783,ml_st_394_138,394,ml_st_394,138000.0,-43.33228157,-22.74863135
784,ml_st_395_230,395,ml_st_395,230000.0,-45.88962307,-23.201825
785,ml_st_395_88,395,ml_st_395,88000.0,-45.88962307,-23.201825
786,ml_st_396_500,396,ml_st_396,500000.0,-44.31669729,-2.71668236
787,ml_st_396_230,396,ml_st_396,230000.0,-44.31669729,-2.71668236
788,ml_st_397_230,397,ml_st_397,230000.0,-50.40201576,-25.85341727
789,ml_st_398_500,398,ml_st_398,500000.0,-50.491821,-19.022095
790,ml_st_399_230,399,ml_st_399,230000.0,-54.6971603,-29.69521568
791,ml_st_399_69,399,ml_st_399,69000.0,-54.6971603,-29.69521568
792,ml_st_400_500,400,ml_st_400,500000.0,-39.18545167,-12.71716086
793,ml_st_400_230,400,ml_st_400,230000.0,-39.18545167,-12.71716086
794,ml_st_401_230,401,ml_st_401,230000.0,-51.82683486,-23.44338671
795,ml_st_401_138,401,ml_st_401,138000.0,-51.82683486,-23.44338671
796,ml_st_402_230,402,ml_st_402,230000.0,-51.14872902,-29.71747199
797,ml_st_402_138,402,ml_st_402,138000.0,-51.14872902,-29.71747199
798,ml_st_402_69,402,ml_st_402,69000.0,-51.14872902,-29.71747199
799,ml_st_403_230,403,ml_st_403,230000.0,-40.188,-10.444
800,ml_st_403_138,403,ml_st_403,138000.0,-40.188,-10.444
801,ml_st_403_69,403,ml_st_403,69000.0,-40.188,-10.444
802,ml_st_404_500,404,ml_st_404,500000.0,-48.30045957,-13.82690829
803,ml_st_404_230,404,ml_st_404,230000.0,-48.30045957,-13.82690829
804,ml_st_404_138,404,ml_st_404,138000.0,-48.30045957,-13.82690829
805,ml_st_405_500,405,ml_st_405,500000.0,-48.046387,-13.765503
806,ml_st_406_345,406,ml_st_406,345000.0,-44.32477411,-19.51766877
807,ml_st_406_138,406,ml_st_406,138000.0,-44.32477411,-19.51766877
808,ml_st_407_230,407,ml_st_407,230000.0,-49.41119385,-28.60229492
809,ml_st_407_69,407,ml_st_407,69000.0,-49.41119385,-28.60229492
810,ml_st_408_230,408,ml_st_408,230000.0,-54.92593926,-20.89489774
811,ml_st_408_138,408,ml_st_408,138000.0,-54.92593926,-20.89489774
812,ml_st_409_500,409,ml_st_409,500000.0,-58.2751023,-2.70885148
813,ml_st_409_138,409,ml_st_409,138000.0,-58.2751023,-2.70885148
814,ml_st_410_500,410,ml_st_410,500000.0,-40.82781937,-9.43620761
815,ml_st_410_230,410,ml_st_410,230000.0,-40.82781937,-9.43620761
816,ml_st_411_230,411,ml_st_411,230000.0,-40.3821959,-3.69990151
817,ml_st_411_69,411,ml_st_411,69000.0,-40.3821959,-3.69990151
818,ml_st_412_500,412,ml_st_412,500000.0,-40.2985991,-3.69142208
819,ml_st_412_230,412,ml_st_412,230000.0,-40.2985991,-3.69142208
820,ml_st_413_230,413,ml_st_413,230000.0,-55.76318814,-12.57505558
821,ml_st_413_69,413,ml_st_413,69000.0,-55.76318814,-12.57505558
822,ml_st_414_500,414,ml_st_414,500000.0,-35.04695838,-8.39017163
823,ml_st_414_230,414,ml_st_414,230000.0,-35.04695838,-8.39017163
824,ml_st_415_500,415,ml_st_415,500000.0,-48.17255086,-15.9250873
825,ml_st_415_345,415,ml_st_415,345000.0,-48.17255086,-15.9250873
826,ml_st_415_138,415,ml_st_415,138000.0,-48.17255086,-15.9250873
827,ml_st_416_345,416,ml_st_416,345000.0,-46.52100683,-23.69937923
828,ml_st_416_88,416,ml_st_416,88000.0,-46.52100683,-23.69937923
829,ml_st_417_440,417,ml_st_417,440000.0,-47.28673417,-22.8669339
830,ml_st_417_138,417,ml_st_417,138000.0,-47.28673417,-22.8669339
831,ml_st_418_440,418,ml_st_418,440000.0,-52.00091246,-22.53862913
832,ml_st_418_138,418,ml_st_418,138000.0,-52.00091246,-22.53862913
833,ml_st_419_230,419,ml_st_419,230000.0,-54.67563041,-2.61660788
834,ml_st_419_138,419,ml_st_419,138000.0,-54.67563041,-2.61660788
835,ml_st_420_230,420,ml_st_420,230000.0,-52.8645198,-28.66697564
836,ml_st_420_69,420,ml_st_420,69000.0,-52.8645198,-28.66697564
837,ml_st_421_230,421,ml_st_421,230000.0,-50.79482661,-29.65589484
838,ml_st_421_138,421,ml_st_421,138000.0,-50.79482661,-29.65589484
839,ml_st_422_345,422,ml_st_422,345000.0,-43.85208228,-19.93126393
840,ml_st_422_230,422,ml_st_422,230000.0,-43.85208228,-19.93126393
841,ml_st_422_138,422,ml_st_422,138000.0,-43.85208228,-19.93126393
842,ml_st_423_230,423,ml_st_423,230000.0,-40.27534988,-6.00145856
843,ml_st_423_69,423,ml_st_423,69000.0,-40.27534988,-6.00145856
844,ml_st_424_230,424,ml_st_424,230000.0,-42.80079447,-5.12860483
845,ml_st_424_69,424,ml_st_424,69000.0,-42.80079447,-5.12860483
846,ml_st_425_230,425,ml_st_425,230000.0,-38.54097222,-3.82847778
847,ml_st_425_69,425,ml_st_425,69000.0,-38.54097222,-3.82847778
848,ml_st_426_230,426,ml_st_426,230000.0,-42.687749,-5.088679
849,ml_st_426_69,426,ml_st_426,69000.0,-42.687749,-5.088679
850,ml_st_427_345,427,ml_st_427,345000.0,-46.46853169,-23.59551121
851,ml_st_427_88,427,ml_st_427,88000.0,-46.46853169,-23.59551121
852,ml_st_428_750,428,ml_st_428,750000.0,-46.27317167,-23.709606
853,ml_st_428_500,428,ml_st_428,500000.0,-46.27317167,-23.709606
854,ml_st_428_345,428,ml_st_428,345000.0,-46.27317167,-23.709606
855,ml_st_429_230,429,ml_st_429,230000.0,-42.6361478,-19.53822465
856,ml_st_430_230,430,ml_st_430,230000.0,-42.637447,-19.534507
857,ml_st_430_69,430,ml_st_430,69000.0,-42.637447,-19.534507
858,ml_st_431_230,431,ml_st_431,230000.0,-36.22304785,-8.33074291
859,ml_st_431_69,431,ml_st_431,69000.0,-36.22304785,-8.33074291
860,ml_st_432_230,432,ml_st_432,230000.0,-53.71512792,-3.70671979
861,ml_st_433_440,433,ml_st_433,440000.0,-51.30264897,-20.67409639
862,ml_st_433_138,433,ml_st_433,138000.0,-51.30264897,-20.67409639
863,ml_st_434_345,434,ml_st_434,345000.0,-45.25738525,-18.21289062
864,ml_st_434_289,434,ml_st_434,289000.0,-45.25738525,-18.21289062
865,ml_st_434_138,434,ml_st_434,138000.0,-45.25738525,-18.21289062
866,ml_st_435_500,435,ml_st_435,500000.0,-49.57726135,-16.61968713
867,ml_st_435_230,435,ml_st_435,230000.0,-49.57726135,-16.61968713
868,ml_st_436_500,436,ml_st_436,500000.0,-49.65461828,-3.82428585
869,ml_st_436_230,436,ml_st_436,230000.0,-49.65461828,-3.82428585
870,ml_st_436_138,436,ml_st_436,138000.0,-49.65461828,-3.82428585
871,ml_st_436_69,436,ml_st_436,69000.0,-49.65461828,-3.82428585
872,ml_st_437_230,437,ml_st_437,230000.0,-49.20847671,-25.47678073
873,ml_st_437_69,437,ml_st_437,69000.0,-49.20847671,-25.47678073
874,ml_st_438_230,438,ml_st_438,230000.0,-49.31743233,-25.59204648
875,ml_st_438_69,438,ml_st_438,69000.0,-49.31743233,-25.59204648
876,ml_st_439_230,439,ml_st_439,230000.0,-57.00500312,-29.80564219
877,ml_st_439_132,439,ml_st_439,132000.0,-57.00500312,-29.80564219
878,ml_st_440_230,440,ml_st_440,230000.0,-51.62249947,-29.95201326
879,ml_st_440_69,440,ml_st_440,69000.0,-51.62249947,-29.95201326
880,ml_st_441_230,441,ml_st_441,230000.0,-48.3799491,-1.33547433
881,ml_st_441_69,441,ml_st_441,69000.0,-48.3799491,-1.33547433
882,ml_st_442_345,442,ml_st_442,345000.0,-44.73709878,-17.59273716
883,ml_st_442_138,442,ml_st_442,138000.0,-44.73709878,-17.59273716
884,ml_st_443_230,443,ml_st_443,230000.0,-52.15664226,-29.63398869
885,ml_st_443_69,443,ml_st_443,69000.0,-52.15664226,-29.63398869
886,ml_st_444_345,444,ml_st_444,345000.0,-42.79445705,-22.73463091
887,ml_st_444_138,444,ml_st_444,138000.0,-42.79445705,-22.73463091
888,ml_st_445_230,445,ml_st_445,230000.0,-39.40819349,-16.08632792
889,ml_st_446_500,446,ml_st_446,500000.0,-43.90759471,-19.73903474
890,ml_st_446_138,446,ml_st_446,138000.0,-43.90759471,-19.73903474
891,ml_st_447_230,447,ml_st_447,230000.0,-51.06407059,-30.036706
892,ml_st_447_69,447,ml_st_447,69000.0,-51.06407059,-30.036706
893,ml_st_448_345,448,ml_st_448,345000.0,-40.43701905,-20.36991068
894,ml_st_448_138,448,ml_st_448,138000.0,-40.43701905,-20.36991068
895,ml_st_449_500,449,ml_st_449,500000.0,-40.50755044,-20.38234434
896,ml_st_449_345,449,ml_st_449,345000.0,-40.50755044,-20.38234434
897,ml_st_450_230,450,ml_st_450,230000.0,-51.09230556,-26.9989558
898,ml_st_450_138,450,ml_st_450,138000.0,-51.09230556,-26.9989558
899,ml_st_451_500,451,ml_st_451,500000.0,-48.73247051,-1.57258593
900,ml_st_451_230,451,ml_st_451,230000.0,-48.73247051,-1.57258593
901,ml_st_451_69,451,ml_st_451,69000.0,-48.73247051,-1.57258593
902,ml_st_452_230,452,ml_st_452,230000.0,-60.26440797,-12.71680016
903,ml_st_452_69,452,ml_st_452,69000.0,-60.26440797,-12.71680016
904,ml_st_453_345,453,ml_st_453,345000.0,-48.22422443,-20.03994731
905,ml_st_454_230,454,ml_st_454,230000.0,-52.39300997,-26.86328707
906,ml_st_454_138,454,ml_st_454,138000.0,-52.39300997,-26.86328707
907,ml_st_455_345,455,ml_st_455,345000.0,-46.72338911,-23.65808796
908,ml_st_456_230,456,ml_st_456,230000.0,-49.25972069,-16.58052918
909,ml_st_456_138,456,ml_st_456,138000.0,-49.25972069,-16.58052918
910,ml_st_457_500,457,ml_st_457,500000.0,-37.79575208,-9.63297547
911,ml_st_458_500,458,ml_st_458,500000.0,-51.69324984,-3.1065665
912,ml_st_458_230,458,ml_st_458,230000.0,-51.69324984,-3.1065665
913,ml_st_459_230,459,ml_st_459,230000.0,-50.31495,-29.89543333
914,ml_st_459_138,459,ml_st_459,138000.0,-50.31495,-29.89543333
915,ml_st_459_69,459,ml_st_459,69000.0,-50.31495,-29.89543333
916,ml_st_460_230,460,ml_st_460,230000.0,-51.2243,-30.09555
917,ml_st_461_230,461,ml_st_461,230000.0,-47.73634679,-3.25047852
918,ml_st_462_230,462,ml_st_462,230000.0,-51.23796551,-23.27580654
919,ml_st_462_138,462,ml_st_462,138000.0,-51.23796551,-23.27580654
920,ml_st_463_500,463,ml_st_463,500000.0,-52.09640304,-25.78842718
921,ml_st_464_230,464,ml_st_464,230000.0,-48.48680384,-1.41100717
922,ml_st_464_69,464,ml_st_464,69000.0,-48.48680384,-1.41100717
923,ml_st_465_230,465,ml_st_465,230000.0,-53.57068537,-27.61251815
924,ml_st_465_69,465,ml_st_465,69000.0,-53.57068537,-27.61251815
925,ml_st_466_230,466,ml_st_466,230000.0,-51.19050203,-29.94851908
926,ml_st_467_230,467,ml_st_467,230000.0,-50.915563,-29.934883
927,ml_st_468_230,468,ml_st_468,230000.0,-49.369521,-25.431119
928,ml_st_468_69,468,ml_st_468,69000.0,-49.369521,-25.431119
929,ml_st_469_230,469,ml_st_469,230000.0,-49.4202,-25.566005
930,ml_st_470_230,470,ml_st_470,230000.0,-49.311809,-25.461107
931,ml_st_470_69,470,ml_st_470,69000.0,-49.311809,-25.461107
932,ml_st_471_500,471,ml_st_471,500000.0,-53.4979,-25.543216
933,ml_st_472_500,472,ml_st_472,500000.0,-47.47411745,-5.42271886
934,ml_st_472_230,472,ml_st_472,230000.0,-47.47411745,-5.42271886
935,ml_st_472_69,472,ml_st_472,69000.0,-47.47411745,-5.42271886
936,ml_st_473_230,473,ml_st_473,230000.0,-44.255196,-2.559949
937,ml_st_473_69,473,ml_st_473,69000.0,-44.255196,-2.559949
938,ml_st_474_230,474,ml_st_474,230000.0,-44.171464,-2.517166
939,ml_st_474_69,474,ml_st_474,69000.0,-44.171464,-2.517166
940,ml_st_475_230,475,ml_st_475,230000.0,-57.00402708,-29.8068849
941,ml_st_475_69,475,ml_st_475,69000.0,-57.00402708,-29.8068849
942,ml_st_476_230,476,ml_st_476,230000.0,-49.235292,-16.790699
943,ml_st_476_138,476,ml_st_476,138000.0,-49.235292,-16.790699
944,ml_st_476_69,476,ml_st_476,69000.0,-49.235292,-16.790699
945,ml_st_477_230,477,ml_st_477,230000.0,-49.235896,-16.683882
946,ml_st_478_230,478,ml_st_478,230000.0,-46.4143,-23.867119
947,ml_st_478_138,478,ml_st_478,138000.0,-46.4143,-23.867119
948,ml_st_479_230,479,ml_st_479,230000.0,-46.43136457,-23.87458234
949,ml_st_480_230,480,ml_st_480,230000.0,-43.352312,-13.30629
950,ml_st_480_69,480,ml_st_480,69000.0,-43.352312,-13.30629
951,ml_st_481_230,481,ml_st_481,230000.0,-43.13470677,-19.81679041
952,ml_st_481_69,481,ml_st_481,69000.0,-43.13470677,-19.81679041
953,ml_st_482_230,482,ml_st_482,230000.0,-34.981106,-8.081426
954,ml_st_482_69,482,ml_st_482,69000.0,-34.981106,-8.081426
955,ml_st_483_230,483,ml_st_483,230000.0,-58.069265,-12.875616
956,ml_st_483_138,483,ml_st_483,138000.0,-58.069265,-12.875616
957,ml_st_484_230,484,ml_st_484,230000.0,-35.895701,-7.280042
958,ml_st_485_230,485,ml_st_485,230000.0,-38.42208537,-12.79434602
959,ml_st_485_69,485,ml_st_485,69000.0,-38.42208537,-12.79434602
960,ml_st_486_230,486,ml_st_486,230000.0,-44.33094411,-4.36840975
961,ml_st_486_69,486,ml_st_486,69000.0,-44.33094411,-4.36840975
962,ml_st_487_230,487,ml_st_487,230000.0,-49.362705,-25.579514
963,ml_st_487_69,487,ml_st_487,69000.0,-49.362705,-25.579514
964,ml_st_488_230,488,ml_st_488,230000.0,-46.67870354,-23.69933829
965,ml_st_489_230,489,ml_st_489,230000.0,-38.276895,-12.669555
966,ml_st_490_230,490,ml_st_490,230000.0,-39.716492,-14.234837
967,ml_st_491_230,491,ml_st_491,230000.0,-35.08879,-7.58836
968,ml_st_491_69,491,ml_st_491,69000.0,-35.08879,-7.58836
969,ml_st_492_230,492,ml_st_492,230000.0,-42.547803,-19.484756
970,ml_st_493_230,493,ml_st_493,230000.0,-37.71873395,-11.28816433
971,ml_st_493_69,493,ml_st_493,69000.0,-37.71873395,-11.28816433
972,ml_st_494_230,494,ml_st_494,230000.0,-39.584649,-15.969452
973,ml_st_495_500,495,ml_st_495,500000.0,-43.742659,-22.90851
974,ml_st_495_138,495,ml_st_495,138000.0,-43.742659,-22.90851
975,ml_st_496_500,496,ml_st_496,500000.0,-43.71377651,-22.8737167
976,ml_st_496_138,496,ml_st_496,138000.0,-43.71377651,-22.8737167
977,ml_st_497_230,497,ml_st_497,230000.0,-50.883696,-17.761175
978,ml_st_497_138,497,ml_st_497,138000.0,-50.883696,-17.761175
979,ml_st_498_230,498,ml_st_498,230000.0,-49.60897983,-27.16385655
980,ml_st_498_138,498,ml_st_498,138000.0,-49.60897983,-27.16385655
981,ml_st_499_230,499,ml_st_499,230000.0,-40.454342,-18.743473
982,ml_st_499_138,499,ml_st_499,138000.0,-40.454342,-18.743473
983,ml_st_500_230,500,ml_st_500,230000.0,-54.932692,-28.388359
984,ml_st_500_69,500,ml_st_500,69000.0,-54.932692,-28.388359
985,ml_st_501_230,501,ml_st_501,230000.0,-43.73569761,-19.86751521
986,ml_st_502_525,502,ml_st_502,525000.0,-54.326067,-28.279768
987,ml_st_502_230,502,ml_st_502,230000.0,-54.326067,-28.279768
988,ml_st_503_230,503,ml_st_503,230000.0,-55.521638,-11.984033
989,ml_st_503_138,503,ml_st_503,138000.0,-55.521638,-11.984033
990,ml_st_504_500,504,ml_st_504,500000.0,-42.726012,-5.257937
991,ml_st_504_230,504,ml_st_504,230000.0,-42.726012,-5.257937
992,ml_st_504_69,504,ml_st_504,69000.0,-42.726012,-5.257937
993,ml_st_505_230,505,ml_st_505,230000.0,-56.999018,-29.764481
994,ml_st_506_230,506,ml_st_506,230000.0,-43.56697,-6.747786
995,ml_st_506_69,506,ml_st_506,69000.0,-43.56697,-6.747786
996,ml_st_507_230,507,ml_st_507,230000.0,-38.86480266,-3.68220904
997,ml_st_508_500,508,ml_st_508,500000.0,-51.669157,-26.006926
998,ml_st_509_345,509,ml_st_509,345000.0,-46.31915,-20.66678
999,ml_st_509_138,509,ml_st_509,138000.0,-46.31915,-20.66678
1000,ml_st_510_345,510,ml_st_510,345000.0,-41.87641,-22.307885
1001,ml_st_511_345,511,ml_st_511,345000.0,-41.879597,-22.303306
1002,ml_st_512_345,512,ml_st_512,345000.0,-40.437162,-20.379027
1003,ml_st_513_500,513,ml_st_513,500000.0,-44.515064,-22.500805
1004,ml_st_513_138,513,ml_st_513,138000.0,-44.515064,-22.500805
1005,ml_st_514_230,514,ml_st_514,230000.0,-55.789015,-14.872788
1006,ml_st_515_500,515,ml_st_515,500000.0,-48.392584,-12.227442
1007,ml_st_515_138,515,ml_st_515,138000.0,-48.392584,-12.227442
1008,ml_st_516_230,516,ml_st_516,230000.0,-59.931728,-2.05071
1009,ml_st_517_525,517,ml_st_517,525000.0,-51.06315202,-29.88196939
1010,ml_st_517_230,517,ml_st_517,230000.0,-51.06315202,-29.88196939
1011,ml_st_518_230,518,ml_st_518,230000.0,-39.85816098,-9.8657618
1012,ml_st_519_500,519,ml_st_519,500000.0,-54.60896536,-25.41944699
1013,ml_st_519_220,519,ml_st_519,220000.0,-54.60896536,-25.41944699
1014,ml_st_520_230,520,ml_st_520,230000.0,-43.47633213,-19.96873095
1015,ml_st_521_440,521,ml_st_521,440000.0,-46.374605,-23.768981
1016,ml_st_521_88,521,ml_st_521,88000.0,-46.374605,-23.768981
1017,ml_st_522_230,522,ml_st_522,230000.0,-58.74172779,-11.29302015
1018,ml_st_522_138,522,ml_st_522,138000.0,-58.74172779,-11.29302015
1019,ml_st_523_230,523,ml_st_523,230000.0,-59.442883,-10.159843
1020,ml_st_524_230,524,ml_st_524,230000.0,-57.914673,-14.835542
1021,ml_st_524_138,524,ml_st_524,138000.0,-57.914673,-14.835542
1022,ml_st_525_230,525,ml_st_525,230000.0,-56.186346,-15.712022
1023,ml_st_525_138,525,ml_st_525,138000.0,-56.186346,-15.712022
1024,ml_st_526_230,526,ml_st_526,230000.0,-58.96393551,-13.07190607
1025,ml_st_526_138,526,ml_st_526,138000.0,-58.96393551,-13.07190607
1026,ml_st_527_230,527,ml_st_527,230000.0,-60.032,-2.893
1027,ml_st_528_230,528,ml_st_528,230000.0,-59.93068814,-3.11736528
1028,ml_st_528_138,528,ml_st_528,138000.0,-59.93068814,-3.11736528
1029,ml_st_528_69,528,ml_st_528,69000.0,-59.93068814,-3.11736528
1030,ml_st_529_230,529,ml_st_529,230000.0,-51.40034823,-19.65233672
1031,ml_st_529_138,529,ml_st_529,138000.0,-51.40034823,-19.65233672
1032,ml_st_530_440,530,ml_st_530,440000.0,-51.41715437,-20.31983383
1033,ml_st_530_230,530,ml_st_530,230000.0,-51.41715437,-20.31983383
1034,ml_st_531_230,531,ml_st_531,230000.0,-50.692616,-24.040113
1035,ml_st_532_230,532,ml_st_532,230000.0,-54.54451,-25.487949
1036,ml_st_532_138,532,ml_st_532,138000.0,-54.54451,-25.487949
1037,ml_st_533_230,533,ml_st_533,230000.0,-52.5171,-0.651794
1038,ml_st_534_230,534,ml_st_534,230000.0,-51.19611567,0.8604738
1039,ml_st_535_230,535,ml_st_535,230000.0,-49.92118778,-7.07292054
1040,ml_st_535_138,535,ml_st_535,138000.0,-49.92118778,-7.07292054
1041,ml_st_536_230,536,ml_st_536,230000.0,-47.78671161,-1.29576642
1042,ml_st_536_138,536,ml_st_536,138000.0,-47.78671161,-1.29576642
1043,ml_st_537_230,537,ml_st_537,230000.0,-49.082767,-5.341783
1044,ml_st_538_230,538,ml_st_538,230000.0,-44.32947882,-2.70230991
1045,ml_st_539_500,539,ml_st_539,500000.0,-38.87326557,-3.60070608
1046,ml_st_539_230,539,ml_st_539,230000.0,-38.87326557,-3.60070608
1047,ml_st_540_230,540,ml_st_540,230000.0,-39.295835,-3.24194759
1048,ml_st_541_230,541,ml_st_541,230000.0,-50.577171,-18.48532
1049,ml_st_541_138,541,ml_st_541,138000.0,-50.577171,-18.48532
1050,ml_st_542_230,542,ml_st_542,230000.0,-50.986382,-18.72801
1051,ml_st_543_230,543,ml_st_543,230000.0,-51.147741,-18.533552
1052,ml_st_544_500,544,ml_st_544,500000.0,-50.670648,-19.008121
1053,ml_st_544_230,544,ml_st_544,230000.0,-50.670648,-19.008121
1054,ml_st_545_230,545,ml_st_545,230000.0,-38.401518,-3.92758
1055,ml_st_545_69,545,ml_st_545,69000.0,-38.401518,-3.92758
1056,ml_st_546_230,546,ml_st_546,230000.0,-49.911295,-17.297255
1057,ml_st_546_138,546,ml_st_546,138000.0,-49.911295,-17.297255
1058,ml_st_547_230,547,ml_st_547,230000.0,-48.23522,-12.802677
1059,ml_st_548_500,548,ml_st_548,500000.0,-47.460699,-6.582653
1060,ml_st_549_230,549,ml_st_549,230000.0,-47.563461,-5.414823
1061,ml_st_550_230,550,ml_st_550,230000.0,-44.557054,-3.566335
1062,ml_st_551_500,551,ml_st_551,500000.0,-44.35107998,-4.82132507
1063,ml_st_552_230,552,ml_st_552,230000.0,-37.785397,-5.034784
1064,ml_st_553_230,553,ml_st_553,230000.0,-41.03130617,-2.9186591
1065,ml_st_554_230,554,ml_st_554,230000.0,-40.342843,-3.562812
1066,ml_st_555_230,555,ml_st_555,230000.0,-39.67895157,-3.01888241
1067,ml_st_556_230,556,ml_st_556,230000.0,-38.34236757,-8.74901627
1068,ml_st_557_230,557,ml_st_557,230000.0,-38.132565,-9.059572
1069,ml_st_558_230,558,ml_st_558,230000.0,-39.60164308,-3.09505949
1070,ml_st_559_230,559,ml_st_559,230000.0,-39.26042,-3.341375
1071,ml_st_560_230,560,ml_st_560,230000.0,-36.81941348,-5.38065935
1072,ml_st_561_230,561,ml_st_561,230000.0,-35.317336,-5.871564
1073,ml_st_561_69,561,ml_st_561,69000.0,-35.317336,-5.871564
1074,ml_st_562_230,562,ml_st_562,230000.0,-36.91629289,-4.96382843
1075,ml_st_563_230,563,ml_st_563,230000.0,-36.4900276,-5.14731868
1076,ml_st_564_230,564,ml_st_564,230000.0,-35.8863304,-5.09343056
1077,ml_st_564_69,564,ml_st_564,69000.0,-35.8863304,-5.09343056
1078,ml_st_565_230,565,ml_st_565,230000.0,-34.900439,-7.195936
1079,ml_st_566_230,566,ml_st_566,230000.0,-53.818454,-21.540157
1080,ml_st_566_138,566,ml_st_566,138000.0,-53.818454,-21.540157
1081,ml_st_567_230,567,ml_st_567,230000.0,-53.2867696,-23.79267122
1082,ml_st_567_138,567,ml_st_567,138000.0,-53.2867696,-23.79267122
1083,ml_st_568_230,568,ml_st_568,230000.0,-53.448101,-24.88369
1084,ml_st_568_138,568,ml_st_568,138000.0,-53.448101,-24.88369
1085,ml_st_569_230,569,ml_st_569,230000.0,-55.70540105,-30.81444379
1086,ml_st_570_230,570,ml_st_570,230000.0,-38.872653,-3.582011
1087,ml_st_571_230,571,ml_st_571,230000.0,-38.87152651,-3.69371037
1088,ml_st_572_230,572,ml_st_572,230000.0,-36.99659722,-4.98157371
1089,ml_st_573_230,573,ml_st_573,230000.0,-36.163675,-5.116888
1090,ml_st_574_230,574,ml_st_574,230000.0,-36.383187,-5.12441
1091,ml_st_575_230,575,ml_st_575,230000.0,-53.903695,-28.363766
1092,ml_st_576_230,576,ml_st_576,230000.0,-34.921304,-7.20805454
1093,ml_st_577_230,577,ml_st_577,230000.0,-35.018316,-7.858701
1094,ml_st_578_500,578,ml_st_578,500000.0,-36.297511,-8.895409
1095,ml_st_578_230,578,ml_st_578,230000.0,-36.297511,-8.895409
1096,ml_st_579_230,579,ml_st_579,230000.0,-35.016005,-8.397551
1097,ml_st_579_69,579,ml_st_579,69000.0,-35.016005,-8.397551
1098,ml_st_580_230,580,ml_st_580,230000.0,-34.968779,-8.404373
1099,ml_st_581_230,581,ml_st_581,230000.0,-35.025787,-8.357687
1100,ml_st_582_230,582,ml_st_582,230000.0,-35.03185247,-8.37364308
1101,ml_st_582_69,582,ml_st_582,69000.0,-35.03185247,-8.37364308
1102,ml_st_583_230,583,ml_st_583,230000.0,-35.785495,-9.578838
1103,ml_st_583_69,583,ml_st_583,69000.0,-35.785495,-9.578838
1104,ml_st_584_230,584,ml_st_584,230000.0,-38.201065,-9.357936
1105,ml_st_584_69,584,ml_st_584,69000.0,-38.201065,-9.357936
1106,ml_st_585_230,585,ml_st_585,230000.0,-51.12291059,-29.16186179
1107,ml_st_585_69,585,ml_st_585,69000.0,-51.12291059,-29.16186179
1108,ml_st_586_230,586,ml_st_586,230000.0,-38.997823,-12.587414
1109,ml_st_587_230,587,ml_st_587,230000.0,-51.00538524,-29.35211565
1110,ml_st_587_69,587,ml_st_587,69000.0,-51.00538524,-29.35211565
1111,ml_st_588_230,588,ml_st_588,230000.0,-38.27775159,-12.66311291
1112,ml_st_589_230,589,ml_st_589,230000.0,-38.2741047,-12.65924746
1113,ml_st_589_69,589,ml_st_589,69000.0,-38.2741047,-12.65924746
1114,ml_st_590_230,590,ml_st_590,230000.0,-38.302533,-12.69077
1115,ml_st_591_230,591,ml_st_591,230000.0,-38.48172234,-12.7279125
1116,ml_st_592_230,592,ml_st_592,230000.0,-38.57118651,-12.70318296
1117,ml_st_593_230,593,ml_st_593,230000.0,-51.15097318,-29.71733177
1118,ml_st_593_138,593,ml_st_593,138000.0,-51.15097318,-29.71733177
1119,ml_st_594_230,594,ml_st_594,230000.0,-51.14797964,-29.14636948
1120,ml_st_595_230,595,ml_st_595,230000.0,-50.29461792,-29.9613765
1121,ml_st_596_230,596,ml_st_596,230000.0,-42.123286,-19.013205
1122,ml_st_597_230,597,ml_st_597,230000.0,-49.02139412,-26.87463499
1123,ml_st_597_138,597,ml_st_597,138000.0,-49.02139412,-26.87463499
1124,ml_st_598_230,598,ml_st_598,230000.0,-43.4071778,-3.79648561
1125,ml_st_598_69,598,ml_st_598,69000.0,-43.4071778,-3.79648561
1126,ml_st_599_345,599,ml_st_599,345000.0,-43.534293,-21.474313
1127,ml_st_599_138,599,ml_st_599,138000.0,-43.534293,-21.474313
1128,ml_st_600_345,600,ml_st_600,345000.0,-44.624866,-21.293008
1129,ml_st_600_138,600,ml_st_600,138000.0,-44.624866,-21.293008
1130,ml_st_601_500,601,ml_st_601,500000.0,-44.29611665,-3.02114832
1131,ml_st_602_500,602,ml_st_602,500000.0,-41.76443438,-3.12381147
1132,ml_st_602_230,602,ml_st_602,230000.0,-41.76443438,-3.12381147
1133,ml_st_603_500,603,ml_st_603,500000.0,-41.02945861,-3.77197535
1134,ml_st_603_230,603,ml_st_603,230000.0,-41.02945861,-3.77197535
1135,ml_st_604_500,604,ml_st_604,500000.0,-41.18840428,-3.89944502
1136,ml_st_604_230,604,ml_st_604,230000.0,-41.18840428,-3.89944502
1137,ml_st_605_500,605,ml_st_605,500000.0,-41.33972081,-10.8744055
1138,ml_st_605_230,605,ml_st_605,230000.0,-41.33972081,-10.8744055
1139,ml_st_606_500,606,ml_st_606,500000.0,-38.924601,-7.344309
1140,ml_st_607_500,607,ml_st_607,500000.0,-44.031349,-10.60020951
1141,ml_st_608_500,608,ml_st_608,500000.0,-40.6386838,-8.03407875
1142,ml_st_608_230,608,ml_st_608,230000.0,-40.6386838,-8.03407875
1143,ml_st_609_500,609,ml_st_609,500000.0,-41.9719281,-18.80961054
1144,ml_st_609_230,609,ml_st_609,230000.0,-41.9719281,-18.80961054
1145,ml_st_610_230,610,ml_st_610,230000.0,-51.00347319,-27.6368872
1146,ml_st_611_500,611,ml_st_611,500000.0,-43.76939559,-22.6544702
1147,ml_st_612_230,612,ml_st_612,230000.0,-40.10690367,-19.4027047
1148,ml_st_612_138,612,ml_st_612,138000.0,-40.10690367,-19.4027047
1149,ml_st_613_230,613,ml_st_613,230000.0,-39.89212286,-18.75493805
1150,ml_st_613_138,613,ml_st_613,138000.0,-39.89212286,-18.75493805
1151,ml_st_614_230,614,ml_st_614,230000.0,-45.41080432,-22.92232322
1152,ml_st_615_230,615,ml_st_615,230000.0,-47.45723854,-23.37988136
1153,ml_st_616_230,616,ml_st_616,230000.0,-51.15756043,-29.14779968
1154,ml_st_617_230,617,ml_st_617,230000.0,-47.26432318,-23.53772881
1155,ml_st_618_500,618,ml_st_618,500000.0,-43.64362648,-22.72030947
1156,ml_st_619_230,619,ml_st_619,230000.0,-53.67796585,-25.50852139
1157,ml_st_620_230,620,ml_st_620,230000.0,-39.73031415,-17.56981143
1158,ml_st_620_138,620,ml_st_620,138000.0,-39.73031415,-17.56981143
1159,ml_st_621_230,621,ml_st_621,230000.0,-51.90204686,-29.43728179
1160,ml_st_621_69,621,ml_st_621,69000.0,-51.90204686,-29.43728179
1161,ml_st_622_230,622,ml_st_622,230000.0,-37.29127798,-4.85397757
1162,ml_st_622_69,622,ml_st_622,69000.0,-37.29127798,-4.85397757
1163,ml_st_623_230,623,ml_st_623,230000.0,-52.79558388,-29.64947258
1164,ml_st_623_69,623,ml_st_623,69000.0,-52.79558388,-29.64947258
1165,ml_st_624_230,624,ml_st_624,230000.0,-51.16358525,-30.12430058
1166,ml_st_624_69,624,ml_st_624,69000.0,-51.16358525,-30.12430058
1167,ml_st_625_230,625,ml_st_625,230000.0,-40.68301499,-7.39099364
1168,ml_st_626_230,626,ml_st_626,230000.0,-40.71568936,-7.56211046
1169,ml_st_626_138,626,ml_st_626,138000.0,-40.71568936,-7.56211046
1170,ml_st_627_230,627,ml_st_627,230000.0,-40.75836223,-7.47613296
1171,ml_st_628_230,628,ml_st_628,230000.0,-35.65671445,-5.18181464
1172,ml_st_628_69,628,ml_st_628,69000.0,-35.65671445,-5.18181464
1173,ml_st_629_230,629,ml_st_629,230000.0,-36.52533204,-6.06195023
1174,ml_st_629_69,629,ml_st_629,69000.0,-36.52533204,-6.06195023
1175,ml_st_630_230,630,ml_st_630,230000.0,-45.49076594,-12.84397899
1176,ml_st_630_138,630,ml_st_630,138000.0,-45.49076594,-12.84397899
1177,ml_st_631_230,631,ml_st_631,230000.0,-48.63030456,-26.29200921
1178,ml_st_632_440,632,ml_st_632,440000.0,-47.57119747,-22.63435464
1179,ml_st_632_138,632,ml_st_632,138000.0,-47.57119747,-22.63435464
1180,ml_st_633_230,633,ml_st_633,230000.0,-40.67623217,-7.77134399
1181,ml_st_634_230,634,ml_st_634,230000.0,-40.61325082,-10.58423848
1182,ml_st_635_230,635,ml_st_635,230000.0,-50.60165463,-24.29153939
1183,ml_st_636_230,636,ml_st_636,230000.0,-42.62471909,-14.03024543
1184,ml_st_636_69,636,ml_st_636,69000.0,-42.62471909,-14.03024543
1185,ml_st_637_230,637,ml_st_637,230000.0,-44.10760183,-12.58366651
1186,ml_st_638_500,638,ml_st_638,500000.0,-44.35245685,-4.82075455
1187,ml_st_639_230,639,ml_st_639,230000.0,-34.986276,-8.17808656
1188,ml_st_639_69,639,ml_st_639,69000.0,-34.986276,-8.17808656
1189,ml_st_640_230,640,ml_st_640,230000.0,-35.444508,-5.552206
1190,ml_st_641_230,641,ml_st_641,230000.0,-44.33723479,-2.58912435
1191,ml_st_642_230,642,ml_st_642,230000.0,-49.31783772,-25.20080871
1192,ml_st_643_230,643,ml_st_643,230000.0,-38.88855898,-3.54657916
1193,ml_st_644_440,644,ml_st_644,440000.0,-47.112452,-22.735032
1194,ml_st_644_138,644,ml_st_644,138000.0,-47.112452,-22.735032
1195,ml_st_645_230,645,ml_st_645,230000.0,-35.01989144,-7.86360203
1196,ml_st_646_230,646,ml_st_646,230000.0,-35.90840799,-7.29533855
1197,ml_st_647_230,647,ml_st_647,230000.0,-43.03375591,-19.58729781
1198,ml_st_648_230,648,ml_st_648,230000.0,-46.43205327,-23.8749343
1199,ml_st_649_230,649,ml_st_649,230000.0,-46.6777821,-23.69959559
1200,ml_st_650_345,650,ml_st_650,345000.0,-43.86365994,-20.19090616
1201,ml_st_650_138,650,ml_st_650,138000.0,-43.86365994,-20.19090616
1202,ml_st_651_230,651,ml_st_651,230000.0,-49.31784366,-25.23455201
1203,ml_st_651_138,651,ml_st_651,138000.0,-49.31784366,-25.23455201
1204,ml_st_652_230,652,ml_st_652,230000.0,-39.8893982,-2.96552085
1205,ml_st_653_230,653,ml_st_653,230000.0,-42.66027593,-11.11700174
1206,ml_st_653_138,653,ml_st_653,138000.0,-42.66027593,-11.11700174
1207,ml_st_654_500,654,ml_st_654,500000.0,-56.773427,-9.34110893
1208,ml_st_655_230,655,ml_st_655,230000.0,-51.16640798,-18.81013533
1209,ml_st_656_230,656,ml_st_656,230000.0,-51.00820553,-18.78953911
1210,ml_st_657_230,657,ml_st_657,230000.0,-51.00182698,-18.72296389
1211,ml_st_658_230,658,ml_st_658,230000.0,-50.75171405,-19.14346565
1212,ml_st_659_230,659,ml_st_659,230000.0,-50.64635961,-19.12041359
1213,ml_st_660_230,660,ml_st_660,230000.0,-51.89997605,-3.43828492
1214,ml_st_660_69,660,ml_st_660,69000.0,-51.89997605,-3.43828492
1215,ml_st_661_500,661,ml_st_661,500000.0,-55.6717653,-28.25492045
1216,ml_st_662_230,662,ml_st_662,230000.0,-50.80241982,-30.27926839
1217,ml_st_663_230,663,ml_st_663,230000.0,-36.73266039,-8.90821286
1218,ml_st_664_230,664,ml_st_664,230000.0,-36.73613182,-8.75945144
1219,ml_st_665_500,665,ml_st_665,500000.0,-53.69049431,-31.57102619
1220,ml_st_665_230,665,ml_st_665,230000.0,-53.69049431,-31.57102619
1221,ml_st_666_230,666,ml_st_666,230000.0,-40.58044411,-7.39763187
1222,ml_st_666_138,666,ml_st_666,138000.0,-40.58044411,-7.39763187
1223,ml_st_667_230,667,ml_st_667,230000.0,-40.62514632,-8.00259817
1224,ml_st_668_230,668,ml_st_668,230000.0,-35.33985152,-7.86240972
1225,ml_st_669_230,669,ml_st_669,230000.0,-41.22882547,-10.9703317
1226,ml_st_670_230,670,ml_st_670,230000.0,-35.92838845,-5.11953695
1227,ml_st_671_230,671,ml_st_671,230000.0,-37.30596006,-4.78693492
1228,ml_st_672_230,672,ml_st_672,230000.0,-39.73738349,-3.00318673
1229,ml_st_673_230,673,ml_st_673,230000.0,-43.35242549,-13.30991936
1230,ml_st_674_230,674,ml_st_674,230000.0,-41.49045541,-11.98151374
1231,ml_st_675_230,675,ml_st_675,230000.0,-40.93120052,-10.00766381
1232,ml_st_676_230,676,ml_st_676,230000.0,-41.53276319,-14.03170889
1233,ml_st_677_500,677,ml_st_677,500000.0,-42.55642477,-8.19380943
1234,ml_st_678_525,678,ml_st_678,525000.0,-53.78074077,-31.45109043
1235,ml_st_679_500,679,ml_st_679,500000.0,-42.59615665,-2.72835054
1236,ml_st_680_230,680,ml_st_680,230000.0,-41.02807539,-9.2863429
1237,ml_st_681_230,681,ml_st_681,230000.0,-36.9377529,-5.03144935
1238,ml_st_682_230,682,ml_st_682,230000.0,-35.78580237,-5.26755255
1239,ml_st_683_230,683,ml_st_683,230000.0,-41.45804035,-11.86072991
1240,ml_st_684_230,684,ml_st_684,230000.0,-51.29126962,0.85206859
1241,ml_st_685_230,685,ml_st_685,230000.0,-41.08979248,-9.85704559
1242,ml_st_686_230,686,ml_st_686,230000.0,-41.31553669,-11.5932467
1243,ml_st_687_500,687,ml_st_687,500000.0,-40.38498731,-14.51536784
1244,ml_st_687_230,687,ml_st_687,230000.0,-40.38498731,-14.51536784
1245,ml_st_688_230,688,ml_st_688,230000.0,-42.63239655,-14.3950284
1246,ml_st_689_230,689,ml_st_689,230000.0,-38.20849613,-12.49939402
1247,ml_st_690_230,690,ml_st_690,230000.0,-54.09523374,-25.27184594
1248,ml_st_691_230,691,ml_st_691,230000.0,-49.25319176,-25.43699417
1249,ml_st_692_230,692,ml_st_692,230000.0,-50.51461971,-5.78606394
1250,ml_st_693_230,693,ml_st_693,230000.0,-50.14243069,-6.02701614
1251,ml_st_694_500,694,ml_st_694,500000.0,-37.04919672,-5.13162498
1252,ml_st_695_230,695,ml_st_695,230000.0,-42.60935817,-14.10285171
1253,ml_st_696_230,696,ml_st_696,230000.0,-42.68148319,-14.12868012
1254,ml_st_697_230,697,ml_st_697,230000.0,-42.49332785,-14.18625357
1255,ml_st_698_230,698,ml_st_698,230000.0,-42.47871541,-14.13809921
1256,ml_st_699_230,699,ml_st_699,230000.0,-50.73508939,-24.25268273
1257,ml_st_700_230,700,ml_st_700,230000.0,-37.83674591,-4.43902435
1258,ml_st_701_500,701,ml_st_701,500000.0,-45.29051057,-10.09783433
1259,ml_st_702_500,702,ml_st_702,500000.0,-57.01870168,-9.18085082
1260,ml_st_703_230,703,ml_st_703,230000.0,-41.04331222,-3.9068491
1261,ml_st_704_230,704,ml_st_704,230000.0,-44.08365262,-12.60440104
1262,ml_st_705_230,705,ml_st_705,230000.0,-40.43746463,-10.35532538
1263,ml_st_706_230,706,ml_st_706,230000.0,-40.48925374,-9.53319257
1264,ml_st_707_230,707,ml_st_707,230000.0,-41.56875767,-10.67168076
1265,ml_st_708_230,708,ml_st_708,230000.0,-41.32898757,-11.10329423
1266,ml_st_709_230,709,ml_st_709,230000.0,-36.03208007,-5.17627375
1267,ml_st_710_230,710,ml_st_710,230000.0,-40.51698481,-10.4578568
1268,ml_st_711_500,711,ml_st_711,500000.0,-41.00618701,-9.74899494
1269,ml_st_712_230,712,ml_st_712,230000.0,-42.66680293,-11.06786628
1270,ml_st_713_230,713,ml_st_713,230000.0,-36.54528267,-6.26495124
1271,ml_st_714_230,714,ml_st_714,230000.0,-37.98948733,-6.96613682
1272,ml_st_715_230,715,ml_st_715,230000.0,-38.30893561,-12.65318739
1273,ml_st_716_230,716,ml_st_716,230000.0,-38.34843793,-12.62152531
1274,ml_st_717_230,717,ml_st_717,230000.0,-38.36965558,-12.62182405
1275,ml_st_718_230,718,ml_st_718,230000.0,-38.34449894,-12.39918484
1276,ml_st_719_230,719,ml_st_719,230000.0,-39.72726312,-14.17903301
1277,ml_st_720_230,720,ml_st_720,230000.0,-38.47629588,-12.76567108
1278,ml_st_721_230,721,ml_st_721,230000.0,-50.31825325,-30.30073539
1279,ml_st_722_230,722,ml_st_722,230000.0,-37.79170836,-5.03733638
1280,ml_st_723_230,723,ml_st_723,230000.0,-52.87564492,-22.60063588
1281,ml_st_723_138,723,ml_st_723,138000.0,-52.87564492,-22.60063588
1282,ml_st_724_440,724,ml_st_724,440000.0,-51.16051901,-21.64127441
1283,ml_st_725_440,725,ml_st_725,440000.0,-50.28113246,-21.14530026
1284,ml_st_726_230,726,ml_st_726,230000.0,-35.7755222,-5.33467933
1285,ml_st_727_500,727,ml_st_727,500000.0,-45.97180678,-15.75254124
1286,ml_st_728_500,728,ml_st_728,500000.0,-41.48104293,-17.00844614
1287,ml_st_729_500,729,ml_st_729,500000.0,-41.44854434,-19.89573286
1288,ml_st_730_500,730,ml_st_730,500000.0,-44.3109567,-2.67803287
1289,ml_st_730_230,730,ml_st_730,230000.0,-44.3109567,-2.67803287
1290,ml_st_730_69,730,ml_st_730,69000.0,-44.3109567,-2.67803287
1291,ml_st_731_230,731,ml_st_731,230000.0,-37.84122739,-8.35564624
1292,ml_st_732_230,732,ml_st_732,230000.0,-37.35865674,-8.06385617
1293,ml_st_733_230,733,ml_st_733,230000.0,-38.16824052,-8.6588685
1294,ml_st_734_230,734,ml_st_734,230000.0,-38.29795325,-8.70980633
1295,ml_st_735_230,735,ml_st_735,230000.0,-38.36712079,-8.76967031
1296,ml_st_736_230,736,ml_st_736,230000.0,-39.20218853,-8.10573737
1297,ml_st_737_230,737,ml_st_737,230000.0,-39.33570079,-8.24090145
1298,ml_st_738_230,738,ml_st_738,230000.0,-39.45992114,-8.52467347
1299,ml_st_739_230,739,ml_st_739,230000.0,-37.6473407,-4.60536894
1300,ml_st_740_230,740,ml_st_740,230000.0,-41.46620479,-10.4545942
1301,ml_st_741_440,741,ml_st_741,440000.0,-48.80846497,-22.53880077
1302,ml_st_742_500,742,ml_st_742,500000.0,-41.42563605,-8.58936817
1303,ml_st_742_230,742,ml_st_742,230000.0,-41.42563605,-8.58936817
1304,ml_st_743_230,743,ml_st_743,230000.0,-35.4893235,-5.24535277
1305,ml_st_744_230,744,ml_st_744,230000.0,-49.10435001,-28.54088654
1306,ml_st_744_138,744,ml_st_744,138000.0,-49.10435001,-28.54088654
1307,ml_st_744_69,744,ml_st_744,69000.0,-49.10435001,-28.54088654
1308,ml_st_745_525,745,ml_st_745,525000.0,-49.40948056,-28.55645833
1309,ml_st_745_230,745,ml_st_745,230000.0,-49.40948056,-28.55645833
1310,ml_st_746_230,746,ml_st_746,230000.0,-43.4112608,-4.88354715
1311,ml_st_746_69,746,ml_st_746,69000.0,-43.4112608,-4.88354715
1312,ml_st_747_230,747,ml_st_747,230000.0,-51.47154137,-29.17546277
1313,ml_st_747_69,747,ml_st_747,69000.0,-51.47154137,-29.17546277
1314,ml_st_748_500,748,ml_st_748,500000.0,-36.98467635,-6.9127282
1315,ml_st_749_500,749,ml_st_749,500000.0,-45.08757833,-22.76541783
1316,ml_st_749_230,749,ml_st_749,230000.0,-45.08757833,-22.76541783
1317,ml_st_750_230,750,ml_st_750,230000.0,-54.69787028,-22.22525241
1318,ml_st_750_138,750,ml_st_750,138000.0,-54.69787028,-22.22525241
1319,ml_st_751_230,751,ml_st_751,230000.0,-38.91214506,-5.30491768
1320,ml_st_751_69,751,ml_st_751,69000.0,-38.91214506,-5.30491768
1321,ml_st_752_525,752,ml_st_752,525000.0,-50.32155319,-25.09280067
1322,ml_st_752_230,752,ml_st_752,230000.0,-50.32155319,-25.09280067
1323,ml_st_753_230,753,ml_st_753,230000.0,-37.96756634,-5.27083635
1324,ml_st_754_500,754,ml_st_754,500000.0,-42.61027767,-12.32367366
1325,ml_st_755_230,755,ml_st_755,230000.0,-37.29036824,-9.3535015
1326,ml_st_756_230,756,ml_st_756,230000.0,-39.27293633,-14.85784006
1327,ml_st_757_500,757,ml_st_757,500000.0,-44.0903127,-18.67212911
1328,ml_st_757_345,757,ml_st_757,345000.0,-44.0903127,-18.67212911
1329,ml_st_758_230,758,ml_st_758,230000.0,-51.235665,-23.38905404
1330,ml_st_758_138,758,ml_st_758,138000.0,-51.235665,-23.38905404
1331,ml_st_759_500,759,ml_st_759,500000.0,-47.43826803,-20.01284936
1332,ml_st_759_345,759,ml_st_759,345000.0,-47.43826803,-20.01284936
1333,ml_st_760_345,760,ml_st_760,345000.0,-47.438129,-20.019145
1334,ml_st_760_138,760,ml_st_760,138000.0,-47.438129,-20.019145
1335,ml_st_761_500,761,ml_st_761,500000.0,-49.68473997,-6.07897297
1336,ml_st_762_230,762,ml_st_762,230000.0,-51.14537863,-26.13436936
1337,ml_st_763_525,763,ml_st_763,525000.0,-51.52939799,-30.04809934
1338,ml_st_763_230,763,ml_st_763,230000.0,-51.52939799,-30.04809934
1339,ml_st_764_525,764,ml_st_764,525000.0,-53.68915153,-31.57011196
1340,ml_st_764_230,764,ml_st_764,230000.0,-53.68915153,-31.57011196
1341,ml_st_765_500,765,ml_st_765,500000.0,-45.58638776,-23.0632245
1342,ml_st_765_440,765,ml_st_765,440000.0,-45.58638776,-23.0632245
1343,ml_st_765_230,765,ml_st_765,230000.0,-45.58638776,-23.0632245
1344,ml_st_765_138,765,ml_st_765,138000.0,-45.58638776,-23.0632245
1345,ml_st_766_230,766,ml_st_766,230000.0,-60.67479388,2.96303017
1346,ml_st_767_230,767,ml_st_767,230000.0,-42.57603404,-14.35414171
1347,ml_st_768_230,768,ml_st_768,230000.0,-42.56192267,-14.54211619
1348,ml_st_769_230,769,ml_st_769,230000.0,-55.75400098,-30.78614463
1349,ml_st_770_230,770,ml_st_770,230000.0,-51.59755705,-25.43321818
1350,ml_st_770_138,770,ml_st_770,138000.0,-51.59755705,-25.43321818
1351,ml_st_771_230,771,ml_st_771,230000.0,-43.10706121,-19.80878123
1352,ml_st_772_500,772,ml_st_772,500000.0,-43.33394824,-19.59910737
1353,ml_st_772_230,772,ml_st_772,230000.0,-43.33394824,-19.59910737
1354,ml_st_773_500,773,ml_st_773,500000.0,-40.10551217,-2.93578047
1355,ml_st_773_230,773,ml_st_773,230000.0,-40.10551217,-2.93578047
1356,ml_st_774_230,774,ml_st_774,230000.0,-50.05812218,-24.77565263
1357,ml_st_775_230,775,ml_st_775,230000.0,-42.69253855,-13.8884591
1358,ml_st_776_230,776,ml_st_776,230000.0,-35.80167382,-5.16202109
1359,ml_st_777_230,777,ml_st_777,230000.0,-39.34922312,-3.30192729
1360,ml_st_778_230,778,ml_st_778,230000.0,-42.61742192,-14.41865601
1361,ml_st_778_69,778,ml_st_778,69000.0,-42.61742192,-14.41865601
1362,ml_st_779_230,779,ml_st_779,230000.0,0.0,0.0
